,formattedPrice,Neighborhood,Year Built
0,"$215,000.00",NAmes,1960
1,"$105,000.00",NAmes,1961
2,"$172,000.00",NAmes,1958
3,"$244,000.00",NAmes,1968
4,"$189,900.00",Gilbert,1997
5,"$195,500.00",Gilbert,1998
6,"$213,500.00",StoneBr,2001
7,"$191,500.00",StoneBr,1992
8,"$236,500.00",StoneBr,1995
9,"$189,000.00",Gilbert,1999
10,"$175,900.00",Gilbert,1993
11,"$185,000.00",Gilbert,1992
12,"$180,400.00",Gilbert,1998
13,"$171,500.00",Gilbert,1990
14,"$212,000.00",StoneBr,1985
15,"$538,000.00",StoneBr,2003
16,"$164,000.00",Gilbert,1988
17,"$394,432.00",StoneBr,2010
18,"$141,000.00",Gilbert,1951
19,"$210,000.00",NWAmes,1978
20,"$190,000.00",NWAmes,1977
21,"$170,000.00",NWAmes,1974
22,"$216,000.00",Somerst,2000
23,"$149,000.00",NAmes,1970
24,"$149,900.00",NAmes,1971
25,"$142,000.00",NAmes,1968
26,"$126,000.00",NAmes,1970
27,"$115,000.00",NAmes,1971
28,"$184,000.00",NAmes,1999
29,"$96,000.00",BrDale,1971
30,"$105,500.00",BrDale,1971
31,"$88,000.00",BrDale,1971
32,"$127,500.00",NPkVill,1977
33,"$149,900.00",NPkVill,1975
34,"$120,000.00",NPkVill,1975
35,"$146,000.00",NPkVill,1978
36,"$376,162.00",NridgHt,2009
37,"$306,000.00",NridgHt,2007
38,"$395,192.00",NridgHt,2009
39,"$290,941.00",NridgHt,2009
40,"$220,000.00",NridgHt,2005
41,"$275,000.00",NridgHt,2005
42,"$259,000.00",NridgHt,2005
43,"$214,000.00",NridgHt,2004
44,"$611,657.00",NridgHt,2009
45,"$224,000.00",NridgHt,2009
46,"$500,000.00",NridgHt,2003
47,"$320,000.00",NridgHt,2002
48,"$319,900.00",NridgHt,2005
49,"$205,000.00",NridgHt,2006
50,"$175,500.00",NridgHt,2003
51,"$199,500.00",Gilbert,2005
52,"$160,000.00",Blmngtn,2006
53,"$192,000.00",Blmngtn,2004
54,"$184,500.00",Gilbert,2004
55,"$216,500.00",Gilbert,2002
56,"$185,088.00",Gilbert,2004
57,"$180,000.00",Gilbert,2000
58,"$222,500.00",Gilbert,2001
59,"$333,168.00",NoRidge,1999
60,"$355,000.00",NoRidge,1998
61,"$260,400.00",NoRidge,1996
62,"$325,000.00",NoRidge,1994
63,"$290,000.00",NoRidge,1999
64,"$221,000.00",NoRidge,1998
65,"$410,000.00",NoRidge,1995
66,"$221,500.00",Somerst,2005
67,"$204,500.00",Somerst,2009
68,"$215,200.00",Somerst,2009
69,"$262,500.00",Somerst,2008
70,"$254,900.00",Somerst,2004
71,"$271,500.00",Somerst,2005
72,"$233,000.00",SawyerW,2004
73,"$181,000.00",SawyerW,2004
74,"$205,000.00",SawyerW,1994
75,"$143,000.00",SawyerW,1980
76,"$189,000.00",SawyerW,1992
77,"$99,500.00",SawyerW,1979
78,"$125,000.00",SawyerW,1984
79,"$194,500.00",SawyerW,1993
80,"$152,000.00",SawyerW,1984
81,"$171,000.00",SawyerW,1980
82,"$67,500.00",SawyerW,1920
83,"$112,000.00",Sawyer,1978
84,"$148,000.00",Sawyer,1961
85,"$138,500.00",Sawyer,1965
86,"$122,000.00",Sawyer,1967
87,"$133,000.00",Sawyer,1963
88,"$127,000.00",Sawyer,1962
89,"$169,000.00",Sawyer,1974
90,"$190,000.00",NoRidge,1992
91,"$362,500.00",NoRidge,1993
92,"$285,000.00",NoRidge,1992
93,"$260,000.00",Somerst,2004
94,"$190,000.00",Somerst,2004
95,"$155,000.00",Somerst,2004
96,"$151,000.00",Somerst,2004
97,"$149,500.00",Somerst,2004
98,"$152,000.00",Somerst,2005
99,"$222,000.00",Somerst,2009
100,"$177,500.00",Somerst,2000
101,"$177,000.00",Somerst,2000
102,"$155,000.00",Somerst,1999
103,"$147,110.00",Somerst,2003
104,"$267,916.00",Somerst,2010
105,"$254,000.00",Somerst,2000
106,"$155,000.00",Greens,1980
107,"$206,000.00",Greens,1978
108,"$130,500.00",Sawyer,1976
109,"$230,000.00",Somerst,2002
110,"$218,500.00",NWAmes,1967
111,"$243,500.00",NWAmes,1993
112,"$205,000.00",NWAmes,1977
113,"$212,500.00",NWAmes,1978
114,"$196,500.00",NWAmes,1988
115,"$197,500.00",NWAmes,1972
116,"$171,000.00",NWAmes,1971
117,"$142,250.00",NAmes,1966
118,"$143,000.00",NWAmes,1963
119,"$128,950.00",NAmes,1959
120,"$159,000.00",NAmes,1966
121,"$178,900.00",NAmes,1967
122,"$136,300.00",NAmes,1964
123,"$180,500.00",NAmes,1964
124,"$137,500.00",NAmes,1963
125,"$84,900.00",NAmes,1962
126,"$142,125.00",NAmes,1950
127,"$197,600.00",NAmes,1952
128,"$172,500.00",NAmes,1949
129,"$116,500.00",BrkSide,1958
130,"$76,500.00",BrkSide,1940
131,"$128,000.00",NAmes,1954
132,"$153,000.00",NAmes,1955
133,"$132,000.00",NAmes,1954
134,"$178,000.00",NAmes,1966
135,"$154,300.00",NAmes,1960
136,"$180,000.00",NAmes,1970
137,"$190,000.00",NAmes,1966
138,"$135,000.00",NAmes,1958
139,"$214,000.00",NAmes,2003
140,"$136,000.00",NAmes,1959
141,"$165,500.00",NAmes,1959
142,"$145,000.00",NAmes,1957
143,"$148,000.00",NAmes,1959
144,"$142,000.00",NAmes,1959
145,"$167,500.00",NAmes,1960
146,"$108,538.00",NAmes,1959
147,"$159,500.00",NAmes,1959
148,"$108,000.00",NAmes,1956
149,"$135,000.00",NAmes,1952
150,"$122,500.00",NAmes,1955
151,"$119,000.00",NAmes,1958
152,"$109,000.00",NAmes,1953
153,"$105,000.00",NAmes,1920
154,"$107,500.00",NAmes,1955
155,"$144,900.00",NAmes,1954
156,"$129,000.00",NAmes,1956
157,"$97,500.00",NAmes,1948
158,"$144,000.00",OldTown,1980
159,"$162,000.00",NAmes,1959
160,"$242,000.00",NAmes,1967
161,"$132,000.00",NAmes,1948
162,"$154,000.00",NAmes,1959
163,"$166,000.00",NAmes,1952
164,"$134,800.00",NAmes,1951
165,"$160,000.00",NAmes,1962
166,"$148,000.00",NAmes,1960
167,"$192,000.00",NAmes,1963
168,"$155,000.00",NAmes,1966
169,"$80,400.00",OldTown,1900
170,"$96,500.00",OldTown,1910
171,"$109,500.00",OldTown,1920
172,"$115,000.00",OldTown,1927
173,"$143,000.00",OldTown,1957
174,"$107,400.00",OldTown,1915
175,"$80,000.00",OldTown,1945
176,"$119,000.00",OldTown,1940
177,"$130,000.00",OldTown,1929
178,"$119,000.00",OldTown,1938
179,"$129,000.00",OldTown,1948
180,"$100,000.00",OldTown,1920
181,"$12,789.00",OldTown,1923
182,"$105,900.00",OldTown,1928
183,"$150,000.00",OldTown,1900
184,"$139,000.00",OldTown,1915
185,"$240,000.00",OldTown,1890
186,"$76,500.00",OldTown,1910
187,"$149,700.00",OldTown,1957
188,"$125,500.00",OldTown,1910
189,"$122,500.00",OldTown,1885
190,"$140,750.00",OldTown,1922
191,"$128,500.00",BrkSide,1950
192,"$209,500.00",BrkSide,1922
193,"$87,000.00",BrkSide,1925
194,"$134,000.00",BrkSide,1939
195,"$128,000.00",BrkSide,1940
196,"$132,000.00",BrkSide,1942
197,"$139,900.00",BrkSide,1948
198,"$123,900.00",BrkSide,1936
199,"$138,400.00",BrkSide,1930
200,"$109,500.00",OldTown,1923
201,"$140,000.00",OldTown,1921
202,"$149,500.00",OldTown,1915
203,"$159,900.00",OldTown,1912
204,"$122,000.00",OldTown,1920
205,"$110,000.00",IDOTRR,1963
206,"$55,000.00",IDOTRR,1930
207,"$140,000.00",OldTown,1900
208,"$244,400.00",ClearCr,1940
209,"$173,000.00",ClearCr,1959
210,"$107,500.00",ClearCr,1917
211,"$100,000.00",SWISU,1915
212,"$95,000.00",SWISU,1940
213,"$93,369.00",SWISU,1907
214,"$114,900.00",SWISU,1910
215,"$94,000.00",Sawyer,1875
216,"$136,000.00",Sawyer,1967
217,"$136,500.00",Sawyer,1968
218,"$131,500.00",Sawyer,1965
219,"$121,500.00",Sawyer,1957
220,"$125,000.00",Sawyer,1967
221,"$154,000.00",Sawyer,1968
222,"$137,900.00",Sawyer,1966
223,"$158,000.00",Sawyer,1969
224,"$137,250.00",Sawyer,1968
225,"$160,250.00",Sawyer,1978
226,"$163,000.00",Sawyer,1968
227,"$158,900.00",Sawyer,1978
228,"$328,000.00",ClearCr,1996
229,"$270,000.00",ClearCr,1977
230,"$85,000.00",Sawyer,1927
231,"$128,000.00",Sawyer,1950
232,"$260,000.00",ClearCr,1979
233,"$230,000.00",ClearCr,1978
234,"$124,000.00",Edwards,1938
235,"$83,000.00",Edwards,1920
236,"$144,500.00",Edwards,1950
237,"$129,000.00",Edwards,1956
238,"$127,000.00",Edwards,1947
239,"$128,000.00",Edwards,1954
240,"$186,000.00",Edwards,2009
241,"$308,030.00",Edwards,2009
242,"$114,000.00",Edwards,1964
243,"$84,900.00",Edwards,1946
244,"$178,000.00",SawyerW,1985
245,"$270,000.00",SawyerW,1987
246,"$218,000.00",SawyerW,1993
247,"$236,000.00",SawyerW,1993
248,"$147,000.00",SawyerW,1992
249,"$245,350.00",CollgCr,2008
250,"$206,000.00",CollgCr,2006
251,"$198,900.00",CollgCr,2009
252,"$187,000.00",CollgCr,2010
253,"$320,000.00",SawyerW,1990
254,"$138,500.00",SawyerW,1900
255,"$155,000.00",ClearCr,1971
256,"$159,000.00",CollgCr,1996
257,"$191,000.00",CollgCr,1997
258,"$200,500.00",CollgCr,1998
259,"$150,000.00",CollgCr,1977
260,"$161,750.00",CollgCr,1977
261,"$128,200.00",CollgCr,1976
262,"$127,000.00",CollgCr,1972
263,"$318,000.00",CollgCr,2003
264,"$272,000.00",CollgCr,2001
265,"$237,000.00",CollgCr,2003
266,"$240,000.00",CollgCr,1997
267,"$224,900.00",CollgCr,1998
268,"$143,750.00",CollgCr,2003
269,"$143,000.00",CollgCr,2004
270,"$232,000.00",CollgCr,2003
271,"$213,000.00",CollgCr,2004
272,"$185,500.00",CollgCr,2004
273,"$84,900.00",Edwards,1945
274,"$155,891.00",Edwards,1954
275,"$100,000.00",Edwards,1965
276,"$144,000.00",Edwards,1968
277,"$64,000.00",Edwards,1948
278,"$125,200.00",Edwards,1975
279,"$107,000.00",Edwards,1976
280,"$90,000.00",Edwards,1958
281,"$140,000.00",Edwards,2003
282,"$113,000.00",Edwards,1945
283,"$80,000.00",Edwards,1941
284,"$144,500.00",Edwards,1957
285,"$104,000.00",SWISU,1924
286,"$128,000.00",SWISU,1915
287,"$58,500.00",Edwards,1914
288,"$127,000.00",SWISU,1924
289,"$126,000.00",SWISU,1939
290,"$160,000.00",SWISU,1967
291,"$100,000.00",SWISU,1931
292,"$169,000.00",SWISU,1919
293,"$257,500.00",Crawfor,1941
294,"$215,000.00",Crawfor,1950
295,"$266,500.00",Crawfor,1941
296,"$335,000.00",Crawfor,1959
297,"$203,135.00",Crawfor,1994
298,"$185,000.00",Blueste,1989
299,"$162,500.00",Blueste,1989
300,"$289,000.00",Crawfor,1959
301,"$125,500.00",IDOTRR,1922
302,"$82,000.00",IDOTRR,1941
303,"$110,000.00",IDOTRR,1921
304,"$68,400.00",IDOTRR,1920
305,"$102,776.00",IDOTRR,1900
306,"$55,993.00",IDOTRR,1952
307,"$50,138.00",IDOTRR,1896
308,"$246,000.00",Crawfor,2004
309,"$254,900.00",Mitchel,1998
310,"$190,000.00",Mitchel,1977
311,"$201,000.00",Mitchel,2003
312,"$169,900.00",Mitchel,1976
313,"$170,000.00",Mitchel,1976
314,"$160,000.00",Timber,1948
315,"$220,000.00",Timber,2008
316,"$179,781.00",Timber,2009
317,"$174,000.00",Timber,2006
318,"$269,500.00",Timber,2009
319,"$214,900.00",Timber,2002
320,"$202,900.00",Timber,2002
321,"$378,500.00",Timber,2008
322,"$169,000.00",Mitchel,1965
323,"$173,500.00",Mitchel,2004
324,"$139,000.00",Mitchel,1971
325,"$166,500.00",Mitchel,1999
326,"$83,500.00",MeadowV,1973
327,"$119,500.00",MeadowV,1973
328,"$85,000.00",MeadowV,1976
329,"$76,000.00",MeadowV,1970
330,"$75,500.00",MeadowV,1972
331,"$88,250.00",MeadowV,1970
332,"$85,500.00",MeadowV,1972
333,"$130,000.00",Mitchel,1971
334,"$157,900.00",Mitchel,1962
335,"$149,900.00",Mitchel,1984
336,"$159,000.00",Mitchel,1985
337,"$136,000.00",Mitchel,1991
338,"$161,000.00",Mitchel,1969
339,"$285,000.00",Mitchel,1994
340,"$231,000.00",Mitchel,1993
341,"$124,500.00",NAmes,1956
342,"$157,000.00",NAmes,1974
343,"$345,000.00",NAmes,1972
344,"$189,500.00",Gilbert,1997
345,"$270,000.00",Gilbert,2003
346,"$189,000.00",Gilbert,1996
347,"$377,500.00",Gilbert,2006
348,"$168,500.00",Gilbert,1995
349,"$375,000.00",StoneBr,2004
350,"$278,000.00",StoneBr,2000
351,"$240,000.00",StoneBr,1998
352,"$239,500.00",StoneBr,1995
353,"$177,500.00",Gilbert,1998
354,"$185,000.00",Gilbert,1998
355,"$191,000.00",Gilbert,1998
356,"$178,000.00",Gilbert,1993
357,"$185,000.00",Gilbert,1993
358,"$181,316.00",Gilbert,1994
359,"$166,000.00",Gilbert,1993
360,"$178,000.00",Gilbert,1992
361,"$174,000.00",Gilbert,1994
362,"$173,000.00",Gilbert,1992
363,"$225,000.00",Gilbert,1999
364,"$180,500.00",Gilbert,1990
365,"$187,500.00",StoneBr,1984
366,"$501,837.00",StoneBr,2008
367,"$372,500.00",StoneBr,2008
368,"$260,000.00",StoneBr,2005
369,"$185,000.00",Gilbert,1977
370,"$260,000.00",NWAmes,1980
371,"$181,000.00",NWAmes,1979
372,"$82,500.00",NWAmes,1977
373,"$215,000.00",NWAmes,1977
374,"$154,000.00",NWAmes,1978
375,"$200,000.00",NWAmes,1978
376,"$249,000.00",NWAmes,1980
377,"$187,500.00",NWAmes,1980
378,"$184,000.00",NWAmes,1978
379,"$278,000.00",NWAmes,1981
380,"$157,000.00",NWAmes,1978
381,"$152,000.00",NWAmes,1976
382,"$197,500.00",NWAmes,1976
383,"$240,900.00",Somerst,2003
384,"$263,435.00",Somerst,2009
385,"$220,000.00",Somerst,2000
386,"$235,000.00",Somerst,2002
387,"$213,000.00",NWAmes,1975
388,"$167,900.00",NWAmes,1974
389,"$158,000.00",NWAmes,1975
390,"$165,000.00",NWAmes,1974
391,"$158,000.00",NWAmes,1972
392,"$136,000.00",NAmes,1974
393,"$148,500.00",NAmes,1970
394,"$156,000.00",NAmes,1969
395,"$128,000.00",NAmes,1970
396,"$143,000.00",NAmes,1971
397,"$76,500.00",NAmes,1970
398,"$120,500.00",NAmes,1970
399,"$124,500.00",NAmes,1970
400,"$97,000.00",NAmes,1971
401,"$130,000.00",NAmes,1971
402,"$111,000.00",BrDale,1973
403,"$125,000.00",BrDale,1970
404,"$112,000.00",BrDale,1971
405,"$97,000.00",BrDale,1972
406,"$118,000.00",BrDale,1972
407,"$119,500.00",BrDale,1972
408,"$143,750.00",NPkVill,1976
409,"$146,000.00",NPkVill,1976
410,"$148,500.00",NPkVill,1976
411,"$123,000.00",NPkVill,1975
412,"$147,000.00",NPkVill,1974
413,"$137,900.00",NPkVill,1977
414,"$147,000.00",NPkVill,1978
415,"$148,500.00",NPkVill,1978
416,"$138,000.00",NPkVill,1978
417,"$128,500.00",NPkVill,1976
418,"$100,000.00",NAmes,1967
419,"$148,800.00",NAmes,1966
420,"$337,500.00",NridgHt,2006
421,"$462,000.00",NridgHt,2007
422,"$485,000.00",NridgHt,2008
423,"$555,000.00",NridgHt,2008
424,"$325,000.00",NridgHt,2006
425,"$256,300.00",NridgHt,2007
426,"$253,293.00",NridgHt,2008
427,"$398,800.00",NridgHt,2009
428,"$335,000.00",NridgHt,2008
429,"$404,000.00",NridgHt,2008
430,"$402,861.00",NridgHt,2009
431,"$451,950.00",NridgHt,2008
432,"$610,000.00",NridgHt,2007
433,"$582,933.00",NridgHt,2008
434,"$360,000.00",NridgHt,2008
435,"$296,000.00",NridgHt,2004
436,"$409,900.00",NridgHt,2007
437,"$255,500.00",NridgHt,2006
438,"$335,000.00",NridgHt,2008
439,"$274,900.00",NridgHt,2004
440,"$300,000.00",NridgHt,2006
441,"$324,000.00",NridgHt,2008
442,"$350,000.00",NridgHt,2004
443,"$280,000.00",NridgHt,2004
444,"$284,000.00",NridgHt,2003
445,"$269,500.00",NridgHt,2003
446,"$233,170.00",NridgHt,2009
447,"$386,250.00",NridgHt,2003
448,"$445,000.00",NridgHt,2003
449,"$290,000.00",NridgHt,2003
450,"$255,900.00",NridgHt,2006
451,"$213,000.00",NridgHt,2005
452,"$196,000.00",NridgHt,2005
453,"$184,500.00",NridgHt,2005
454,"$212,500.00",NridgHt,2007
455,"$230,000.00",NridgHt,2007
456,"$552,000.00",NridgHt,2004
457,"$382,500.00",NridgHt,2003
458,"$320,000.00",NridgHt,2008
459,"$248,500.00",NridgHt,2008
460,"$286,500.00",NridgHt,2002
461,"$254,000.00",NridgHt,2006
462,"$173,000.00",NridgHt,2003
463,"$173,000.00",NridgHt,2003
464,"$184,000.00",Gilbert,2005
465,"$167,800.00",Gilbert,2005
466,"$174,000.00",Gilbert,2005
467,"$174,000.00",Gilbert,2005
468,"$174,000.00",Blmngtn,2007
469,"$175,900.00",Blmngtn,2007
470,"$192,500.00",Blmngtn,2005
471,"$181,000.00",Blmngtn,2005
472,"$180,000.00",Blmngtn,2005
473,"$160,200.00",Blmngtn,2005
474,"$188,500.00",Gilbert,2004
475,"$200,000.00",Gilbert,2002
476,"$170,000.00",Gilbert,2004
477,"$189,500.00",Gilbert,2004
478,"$184,100.00",Gilbert,2002
479,"$195,500.00",Gilbert,2004
480,"$192,000.00",Gilbert,2003
481,"$178,000.00",Gilbert,2003
482,"$207,500.00",NridgHt,2007
483,"$236,000.00",Gilbert,2000
484,"$257,500.00",Gilbert,2002
485,"$244,000.00",Gilbert,2000
486,"$167,000.00",Gilbert,2004
487,"$179,000.00",Gilbert,2000
488,"$190,000.00",Gilbert,2000
489,"$156,000.00",Gilbert,1999
490,"$245,000.00",Gilbert,1999
491,"$181,000.00",Gilbert,1999
492,"$214,000.00",Gilbert,1999
493,"$168,000.00",Gilbert,1999
494,"$337,000.00",NoRidge,1999
495,"$403,000.00",NoRidge,1995
496,"$327,000.00",NoRidge,2000
497,"$340,000.00",NoRidge,1998
498,"$336,000.00",NoRidge,1998
499,"$265,000.00",NoRidge,1996
500,"$315,000.00",NoRidge,1994
501,"$260,000.00",NoRidge,1993
502,"$260,000.00",NoRidge,1995
503,"$263,550.00",NoRidge,1993
504,"$402,000.00",NoRidge,1994
505,"$248,000.00",NoRidge,1994
506,"$244,600.00",Somerst,2008
507,"$275,000.00",Somerst,2008
508,"$257,500.00",Somerst,2008
509,"$287,090.00",Somerst,2008
510,"$275,500.00",Somerst,2007
511,"$245,000.00",Somerst,2006
512,"$253,000.00",Somerst,2005
513,"$468,000.00",Somerst,2005
514,"$252,678.00",Somerst,2009
515,"$210,000.00",Somerst,2008
516,"$208,300.00",Somerst,2009
517,"$225,000.00",Somerst,2008
518,"$229,456.00",Somerst,2009
519,"$229,800.00",Somerst,2008
520,"$250,000.00",Somerst,2007
521,"$370,878.00",Somerst,2009
522,"$238,500.00",Somerst,2006
523,"$310,000.00",Somerst,2008
524,"$270,000.00",Somerst,2006
525,"$252,000.00",Somerst,2005
526,"$241,000.00",Somerst,2006
527,"$264,500.00",Somerst,2008
528,"$291,000.00",Somerst,2006
529,"$263,000.00",Somerst,2003
530,"$185,000.00",Somerst,2004
531,"$234,500.00",Somerst,2003
532,"$209,000.00",Somerst,2003
533,"$159,000.00",SawyerW,2007
534,"$152,000.00",SawyerW,2006
535,"$143,500.00",SawyerW,2004
536,"$193,000.00",SawyerW,2004
537,"$203,000.00",SawyerW,2004
538,"$184,900.00",SawyerW,2003
539,"$159,000.00",SawyerW,2004
540,"$142,000.00",SawyerW,2004
541,"$153,000.00",SawyerW,2003
542,"$224,243.00",SawyerW,2008
543,"$220,000.00",SawyerW,1996
544,"$257,000.00",SawyerW,2005
545,"$189,000.00",SawyerW,2001
546,"$171,500.00",SawyerW,1992
547,"$120,000.00",SawyerW,1980
548,"$145,000.00",SawyerW,1990
549,"$184,000.00",SawyerW,1994
550,"$162,000.00",SawyerW,1986
551,"$160,000.00",SawyerW,1981
552,"$82,000.00",SawyerW,1950
553,"$76,000.00",SawyerW,1928
554,"$110,000.00",Sawyer,1962
555,"$135,000.00",Sawyer,1977
556,"$141,000.00",Sawyer,1961
557,"$122,000.00",Sawyer,1961
558,"$124,100.00",Sawyer,1965
559,"$129,000.00",Sawyer,1963
560,"$131,400.00",Sawyer,1961
561,"$62,383.00",Sawyer,1965
562,"$123,000.00",Sawyer,1962
563,"$275,000.00",Veenker,1980
564,"$235,000.00",NoRidge,1991
565,"$280,750.00",Somerst,2004
566,"$164,500.00",Somerst,2009
567,"$173,733.00",Somerst,2009
568,"$222,000.00",Somerst,2008
569,"$195,000.00",Somerst,2008
570,"$172,500.00",Somerst,1999
571,"$180,000.00",Somerst,2000
572,"$156,000.00",Somerst,1999
573,"$172,500.00",Somerst,1999
574,"$318,750.00",Veenker,1977
575,"$211,500.00",Greens,1981
576,"$241,600.00",Veenker,1981
577,"$180,500.00",Veenker,1976
578,"$150,000.00",Sawyer,1976
579,"$154,000.00",NWAmes,1968
580,"$185,000.00",NWAmes,1970
581,"$185,750.00",NWAmes,1968
582,"$200,000.00",NWAmes,1973
583,"$206,000.00",NWAmes,1974
584,"$162,000.00",NWAmes,1972
585,"$256,900.00",NWAmes,1967
586,"$197,900.00",NWAmes,1967
587,"$163,000.00",NWAmes,1969
588,"$113,000.00",NWAmes,1969
589,"$230,000.00",NWAmes,1977
590,"$167,900.00",NWAmes,1977
591,"$213,250.00",NWAmes,1998
592,"$227,000.00",NWAmes,2001
593,"$130,000.00",NAmes,1967
594,"$143,000.00",NAmes,1967
595,"$117,500.00",NAmes,1965
596,"$168,500.00",NWAmes,1974
597,"$172,500.00",NWAmes,1971
598,"$161,500.00",NWAmes,1967
599,"$141,500.00",NAmes,1960
600,"$118,000.00",NAmes,1959
601,"$127,500.00",NAmes,1959
602,"$140,000.00",NAmes,1957
603,"$177,625.00",NAmes,1956
604,"$110,000.00",NAmes,1958
605,"$167,000.00",NAmes,1964
606,"$153,000.00",NAmes,1961
607,"$145,100.00",NAmes,1964
608,"$154,000.00",NAmes,1966
609,"$177,500.00",NAmes,1965
610,"$158,000.00",NAmes,1964
611,"$124,500.00",NAmes,1959
612,"$174,500.00",NAmes,1961
613,"$122,000.00",NAmes,1955
614,"$82,500.00",BrkSide,1940
615,"$110,000.00",BrkSide,1950
616,"$149,500.00",NAmes,1953
617,"$175,000.00",NAmes,1967
618,"$167,000.00",NAmes,1953
619,"$128,900.00",NAmes,1956
620,"$140,000.00",NAmes,1950
621,"$147,000.00",NAmes,1950
622,"$124,000.00",NAmes,1967
623,"$187,500.00",NAmes,1961
624,"$159,000.00",NAmes,1963
625,"$256,000.00",NAmes,1966
626,"$205,000.00",NAmes,1965
627,"$193,500.00",NAmes,1968
628,"$110,000.00",NAmes,1968
629,"$104,900.00",NAmes,1920
630,"$150,000.00",NAmes,1956
631,"$156,500.00",NAmes,1957
632,"$176,000.00",NAmes,1960
633,"$149,500.00",NAmes,1959
634,"$139,000.00",NAmes,1958
635,"$155,000.00",NAmes,1958
636,"$120,000.00",NAmes,1956
637,"$153,000.00",NAmes,1955
638,"$144,000.00",NAmes,1956
639,"$176,000.00",NAmes,1962
640,"$153,000.00",NAmes,1954
641,"$135,000.00",NAmes,1958
642,"$131,000.00",NAmes,1954
643,"$123,000.00",NAmes,1953
644,"$126,000.00",NAmes,1951
645,"$115,000.00",NAmes,1955
646,"$164,900.00",NAmes,1951
647,"$113,000.00",NAmes,1945
648,"$145,500.00",NAmes,1952
649,"$102,900.00",NAmes,1953
650,"$95,000.00",OldTown,1900
651,"$152,500.00",NAmes,1948
652,"$129,900.00",NAmes,1950
653,"$132,000.00",NAmes,1948
654,"$99,900.00",OldTown,1958
655,"$135,000.00",OldTown,1916
656,"$149,000.00",OldTown,1939
657,"$114,000.00",OldTown,1900
658,"$109,500.00",OldTown,1924
659,"$125,000.00",OldTown,1925
660,"$142,900.00",OldTown,1915
661,"$156,500.00",OldTown,1910
662,"$59,000.00",OldTown,1940
663,"$105,000.00",OldTown,1920
664,"$106,000.00",OldTown,1920
665,"$78,500.00",OldTown,1890
666,"$190,000.00",NAmes,1969
667,"$154,000.00",NAmes,1963
668,"$163,000.00",NAmes,1967
669,"$200,000.00",NAmes,1969
670,"$143,500.00",NAmes,1958
671,"$135,000.00",NAmes,1957
672,"$153,000.00",NAmes,1957
673,"$157,500.00",NAmes,1960
674,"$113,500.00",NAmes,1958
675,"$133,000.00",NAmes,1949
676,"$92,900.00",NAmes,1950
677,"$128,500.00",NAmes,1950
678,"$90,000.00",NAmes,1949
679,"$138,000.00",NAmes,1950
680,"$128,000.00",NAmes,1958
681,"$139,000.00",NAmes,1958
682,"$118,900.00",NAmes,1952
683,"$138,000.00",NAmes,1959
684,"$132,500.00",NAmes,1959
685,"$133,500.00",NAmes,1949
686,"$135,000.00",NAmes,1948
687,"$144,750.00",NAmes,1964
688,"$145,000.00",NAmes,1978
689,"$127,000.00",NAmes,1963
690,"$109,500.00",NAmes,1962
691,"$115,000.00",OldTown,1926
692,"$110,000.00",OldTown,1910
693,"$128,900.00",OldTown,1935
694,"$103,500.00",OldTown,1910
695,"$66,500.00",OldTown,1941
696,"$130,000.00",OldTown,1910
697,"$129,000.00",OldTown,1910
698,"$150,000.00",OldTown,1939
699,"$107,500.00",OldTown,1892
700,"$94,550.00",OldTown,1920
701,"$124,500.00",OldTown,1952
702,"$135,000.00",OldTown,1946
703,"$103,000.00",OldTown,1910
704,"$93,000.00",OldTown,1953
705,"$129,500.00",OldTown,1950
706,"$93,000.00",OldTown,1954
707,"$80,000.00",OldTown,1920
708,"$45,000.00",OldTown,1940
709,"$37,900.00",OldTown,1910
710,"$91,300.00",OldTown,1938
711,"$99,500.00",OldTown,1923
712,"$113,000.00",OldTown,1920
713,"$87,500.00",OldTown,1910
714,"$110,000.00",OldTown,1947
715,"$106,000.00",OldTown,1898
716,"$265,979.00",OldTown,1880
717,"$160,000.00",OldTown,1900
718,"$119,000.00",OldTown,1917
719,"$168,000.00",OldTown,1882
720,"$58,500.00",OldTown,1910
721,"$143,000.00",OldTown,1920
722,"$85,000.00",OldTown,1910
723,"$124,900.00",OldTown,1890
724,"$119,000.00",OldTown,1920
725,"$146,500.00",OldTown,1910
726,"$34,900.00",IDOTRR,1920
727,"$44,000.00",IDOTRR,1900
728,"$223,500.00",BrkSide,1923
729,"$149,000.00",BrkSide,1923
730,"$205,000.00",BrkSide,1925
731,"$137,000.00",BrkSide,1930
732,"$121,000.00",BrkSide,1916
733,"$128,000.00",BrkSide,1936
734,"$134,900.00",BrkSide,1937
735,"$117,000.00",BrkSide,1925
736,"$132,500.00",BrkSide,1939
737,"$93,000.00",BrkSide,1924
738,"$119,000.00",BrkSide,1926
739,"$100,000.00",BrkSide,1924
740,"$141,500.00",BrkSide,1936
741,"$133,000.00",BrkSide,1935
742,"$60,000.00",BrkSide,1936
743,"$105,000.00",BrkSide,1931
744,"$115,000.00",BrkSide,1925
745,"$150,000.00",BrkSide,1938
746,"$126,500.00",BrkSide,1925
747,"$214,500.00",BrkSide,1916
748,"$167,500.00",BrkSide,1910
749,"$155,000.00",OldTown,1915
750,"$155,000.00",OldTown,1915
751,"$179,900.00",OldTown,1915
752,"$104,000.00",OldTown,1912
753,"$62,500.00",OldTown,1922
754,"$149,000.00",IDOTRR,1927
755,"$103,000.00",IDOTRR,1925
756,"$123,000.00",OldTown,1915
757,"$97,500.00",OldTown,1902
758,"$135,000.00",IDOTRR,1927
759,"$70,000.00",IDOTRR,1923
760,"$116,000.00",IDOTRR,1915
761,"$88,750.00",Sawyer,1946
762,"$179,000.00",Edwards,1987
763,"$179,000.00",Edwards,1987
764,"$159,900.00",Edwards,1978
765,"$61,000.00",Edwards,1922
766,"$103,600.00",Edwards,1925
767,"$63,000.00",Edwards,1934
768,"$175,000.00",Sawyer,1963
769,"$139,000.00",Sawyer,1963
770,"$172,500.00",Sawyer,1978
771,"$113,500.00",Sawyer,1967
772,"$130,000.00",Sawyer,1967
773,"$149,900.00",Sawyer,1978
774,"$134,900.00",Sawyer,1982
775,"$137,000.00",Sawyer,1982
776,"$139,000.00",Sawyer,1962
777,"$165,000.00",Sawyer,1961
778,"$148,000.00",Sawyer,1960
779,"$165,000.00",ClearCr,1956
780,"$63,900.00",Sawyer,1947
781,"$161,500.00",ClearCr,1957
782,"$143,000.00",ClearCr,1968
783,"$135,000.00",Edwards,1956
784,"$82,500.00",Edwards,1940
785,"$190,000.00",ClearCr,1955
786,"$139,600.00",Edwards,1955
787,"$122,000.00",Edwards,1954
788,"$127,500.00",Edwards,1956
789,"$121,500.00",Edwards,1956
790,"$60,000.00",Edwards,1958
791,"$154,400.00",Edwards,1946
792,"$113,000.00",Edwards,1941
793,"$125,000.00",Edwards,1954
794,"$84,000.00",Edwards,1957
795,"$139,500.00",Edwards,1984
796,"$131,000.00",Edwards,1949
797,"$105,000.00",Edwards,1939
798,"$108,000.00",Edwards,1940
799,"$162,000.00",SawyerW,1990
800,"$156,500.00",SawyerW,1983
801,"$316,600.00",SawyerW,1983
802,"$271,900.00",SawyerW,1990
803,"$213,000.00",SawyerW,1993
804,"$239,900.00",SawyerW,1993
805,"$239,500.00",SawyerW,1995
806,"$131,000.00",SawyerW,1880
807,"$118,964.00",SawyerW,1979
808,"$153,337.00",SawyerW,1979
809,"$147,983.00",SawyerW,1979
810,"$118,858.00",SawyerW,1979
811,"$118,858.00",SawyerW,1979
812,"$142,953.00",SawyerW,1979
813,"$148,325.00",SawyerW,1979
814,"$113,722.00",SawyerW,1979
815,"$269,500.00",SawyerW,2000
816,"$269,500.00",SawyerW,2000
817,"$269,500.00",SawyerW,2000
818,"$323,262.00",CollgCr,2009
819,"$297,000.00",CollgCr,2007
820,"$295,493.00",CollgCr,2008
821,"$332,000.00",CollgCr,2008
822,"$239,900.00",CollgCr,2008
823,"$212,000.00",CollgCr,2007
824,"$272,500.00",CollgCr,2007
825,"$239,000.00",CollgCr,2007
826,"$220,000.00",CollgCr,2006
827,"$200,000.00",CollgCr,2007
828,"$221,800.00",CollgCr,2008
829,"$194,500.00",CollgCr,2007
830,"$237,000.00",CollgCr,2005
831,"$173,000.00",CollgCr,2005
832,"$275,000.00",SawyerW,1989
833,"$233,500.00",ClearCr,1992
834,"$185,000.00",ClearCr,1967
835,"$152,000.00",CollgCr,1996
836,"$143,000.00",CollgCr,1994
837,"$231,500.00",CollgCr,1997
838,"$212,000.00",CollgCr,1996
839,"$207,000.00",CollgCr,1998
840,"$145,000.00",CollgCr,1994
841,"$138,000.00",CollgCr,1994
842,"$197,900.00",CollgCr,1998
843,"$204,000.00",CollgCr,1999
844,"$192,000.00",CollgCr,1999
845,"$200,000.00",CollgCr,1998
846,"$195,000.00",CollgCr,2002
847,"$227,000.00",CollgCr,2002
848,"$230,000.00",CollgCr,2001
849,"$187,100.00",CollgCr,2001
850,"$203,000.00",CollgCr,2002
851,"$201,000.00",CollgCr,2001
852,"$124,000.00",CollgCr,1978
853,"$140,000.00",CollgCr,1978
854,"$134,900.00",CollgCr,1979
855,"$150,500.00",CollgCr,1977
856,"$136,500.00",CollgCr,1978
857,"$143,500.00",CollgCr,1977
858,"$133,500.00",CollgCr,1972
859,"$123,000.00",CollgCr,1972
860,"$133,900.00",CollgCr,1972
861,"$133,000.00",CollgCr,1972
862,"$250,000.00",CollgCr,2002
863,"$254,750.00",CollgCr,2003
864,"$236,500.00",CollgCr,2001
865,"$261,500.00",CollgCr,2001
866,"$313,000.00",CollgCr,2000
867,"$198,500.00",CollgCr,2002
868,"$211,000.00",CollgCr,2001
869,"$220,000.00",CollgCr,1999
870,"$203,000.00",CollgCr,1996
871,"$279,500.00",CollgCr,2002
872,"$210,000.00",CollgCr,1997
873,"$219,500.00",CollgCr,1997
874,"$191,000.00",CollgCr,1996
875,"$178,000.00",CollgCr,2001
876,"$213,000.00",CollgCr,2000
877,"$144,000.00",CollgCr,2003
878,"$140,000.00",CollgCr,2003
879,"$293,200.00",CollgCr,2007
880,"$190,000.00",CollgCr,2004
881,"$190,000.00",CollgCr,2004
882,"$173,500.00",CollgCr,2005
883,"$170,000.00",CollgCr,2007
884,"$108,000.00",Edwards,1949
885,"$167,000.00",Edwards,1964
886,"$100,000.00",Edwards,1938
887,"$198,500.00",Edwards,2003
888,"$159,500.00",Edwards,1977
889,"$127,000.00",Edwards,1960
890,"$125,000.00",Edwards,1976
891,"$320,000.00",Edwards,2007
892,"$145,500.00",Edwards,2005
893,"$118,000.00",Edwards,1947
894,"$85,000.00",Edwards,1959
895,"$120,000.00",Edwards,1950
896,"$98,000.00",Edwards,1945
897,"$99,900.00",Edwards,1922
898,"$82,000.00",Edwards,1952
899,"$119,900.00",Edwards,1959
900,"$103,500.00",Edwards,1956
901,"$112,000.00",Edwards,1956
902,"$110,000.00",Edwards,1920
903,"$122,000.00",Edwards,1941
904,"$117,000.00",Edwards,1941
905,"$160,000.00",SWISU,1938
906,"$159,434.00",SWISU,1932
907,"$60,000.00",SWISU,1920
908,"$139,500.00",SWISU,1940
909,"$197,000.00",SWISU,1920
910,"$105,000.00",SWISU,1935
911,"$135,000.00",SWISU,1928
912,"$147,500.00",Crawfor,1916
913,"$137,450.00",SWISU,1925
914,"$155,000.00",SWISU,1936
915,"$177,000.00",Crawfor,1928
916,"$145,000.00",SWISU,1928
917,"$137,000.00",Crawfor,1918
918,"$234,000.00",Crawfor,1926
919,"$205,000.00",Crawfor,1940
920,"$177,500.00",Crawfor,1942
921,"$160,000.00",Crawfor,1940
922,"$155,000.00",Crawfor,1960
923,"$163,500.00",Crawfor,1921
924,"$154,900.00",Crawfor,1921
925,"$205,000.00",Crawfor,1940
926,"$144,800.00",Crawfor,1954
927,"$174,500.00",Crawfor,1941
928,"$193,000.00",Crawfor,1960
929,"$158,000.00",Crawfor,1949
930,"$158,500.00",Crawfor,1950
931,"$224,000.00",Crawfor,1954
932,"$115,000.00",Blueste,1980
933,"$137,000.00",Blueste,1980
934,"$121,000.00",Blueste,1980
935,"$124,000.00",Blueste,1980
936,"$208,000.00",Crawfor,1986
937,"$315,000.00",Crawfor,1971
938,"$222,000.00",Crawfor,1988
939,"$147,000.00",IDOTRR,1920
940,"$123,000.00",IDOTRR,1900
941,"$78,000.00",IDOTRR,1920
942,"$85,000.00",IDOTRR,1915
943,"$75,000.00",IDOTRR,1925
944,"$230,000.00",Crawfor,2007
945,"$57,625.00",IDOTRR,1910
946,"$251,000.00",Mitchel,2000
947,"$239,686.00",Mitchel,2003
948,"$240,000.00",Mitchel,2004
949,"$215,000.00",Mitchel,2001
950,"$156,450.00",Mitchel,1977
951,"$173,000.00",Mitchel,1977
952,"$126,000.00",Mitchel,1977
953,"$173,000.00",Mitchel,1990
954,"$152,000.00",Mitchel,1991
955,"$137,500.00",Timber,1958
956,"$375,000.00",Timber,1965
957,"$315,500.00",Timber,2007
958,"$224,500.00",Timber,2009
959,"$410,000.00",Timber,2008
960,"$316,500.00",Timber,2008
961,"$201,000.00",Timber,2007
962,"$175,000.00",Timber,1988
963,"$204,000.00",Timber,1980
964,"$213,500.00",Timber,1987
965,"$220,000.00",Timber,2001
966,"$170,000.00",Timber,2003
967,"$315,000.00",Timber,2006
968,"$425,000.00",Timber,2007
969,"$139,500.00",Mitchel,1968
970,"$115,000.00",Mitchel,1960
971,"$162,000.00",Mitchel,1998
972,"$165,000.00",Mitchel,1999
973,"$91,000.00",MeadowV,1973
974,"$130,000.00",Mitchel,1968
975,"$86,000.00",MeadowV,1970
976,"$160,000.00",Mitchel,1969
977,"$80,000.00",MeadowV,1970
978,"$97,000.00",MeadowV,1970
979,"$88,000.00",MeadowV,1970
980,"$131,900.00",Mitchel,1972
981,"$131,250.00",Mitchel,1993
982,"$165,500.00",Mitchel,1978
983,"$112,000.00",Mitchel,1985
984,"$149,000.00",Mitchel,1992
985,"$143,000.00",Mitchel,1993
986,"$130,000.00",Mitchel,1992
987,"$196,000.00",Mitchel,1977
988,"$173,000.00",Mitchel,1969
989,"$176,500.00",NAmes,1958
990,"$237,500.00",NAmes,1970
991,"$206,900.00",NAmes,1969
992,"$187,500.00",Gilbert,1997
993,"$165,000.00",Gilbert,1995
994,"$195,500.00",Gilbert,1998
995,"$192,000.00",Gilbert,1998
996,"$173,000.00",Gilbert,1996
997,"$177,900.00",Gilbert,1996
998,"$175,000.00",Gilbert,1996
999,"$286,000.00",StoneBr,2001
1000,"$247,900.00",StoneBr,1997
1001,"$180,000.00",StoneBr,1993
1002,"$180,000.00",StoneBr,1992
1003,"$181,000.00",Gilbert,1997
1004,"$183,000.00",Gilbert,1998
1005,"$188,000.00",Gilbert,1995
1006,"$194,500.00",Gilbert,1994
1007,"$185,000.00",Gilbert,1991
1008,"$189,000.00",StoneBr,1988
1009,"$188,500.00",StoneBr,1989
1010,"$355,000.00",StoneBr,2005
1011,"$325,000.00",StoneBr,2005
1012,"$387,000.00",StoneBr,2004
1013,"$115,000.00",Gilbert,1952
1014,"$334,000.00",StoneBr,2007
1015,"$133,000.00",Gilbert,1950
1016,"$215,000.00",NWAmes,1986
1017,"$226,500.00",NWAmes,1988
1018,"$175,500.00",NWAmes,1981
1019,"$181,900.00",NWAmes,1983
1020,"$235,000.00",NWAmes,1978
1021,"$220,000.00",NWAmes,1979
1022,"$272,000.00",NWAmes,1977
1023,"$161,000.00",NWAmes,1976
1024,"$175,000.00",NWAmes,1977
1025,"$185,000.00",NWAmes,1980
1026,"$146,900.00",NWAmes,1969
1027,"$292,500.00",NWAmes,1978
1028,"$180,000.00",NWAmes,1976
1029,"$159,900.00",NWAmes,1976
1030,"$205,000.00",NWAmes,1976
1031,"$157,000.00",NWAmes,1973
1032,"$306,000.00",NWAmes,1996
1033,"$133,000.00",NAmes,1974
1034,"$151,000.00",NAmes,1969
1035,"$111,900.00",NAmes,1969
1036,"$123,000.00",NAmes,1971
1037,"$111,250.00",NAmes,1972
1038,"$181,000.00",NAmes,1998
1039,"$103,400.00",BrDale,1973
1040,"$100,000.00",BrDale,1973
1041,"$100,500.00",BrDale,1972
1042,"$106,000.00",BrDale,1970
1043,"$85,400.00",BrDale,1971
1044,"$89,500.00",BrDale,1971
1045,"$111,750.00",BrDale,1972
1046,"$140,000.00",NPkVill,1977
1047,"$143,000.00",NPkVill,1975
1048,"$148,500.00",NPkVill,1977
1049,"$110,000.00",NAmes,1966
1050,"$394,617.00",NridgHt,2008
1051,"$426,000.00",NridgHt,2007
1052,"$385,000.00",NridgHt,2007
1053,"$446,261.00",NridgHt,2008
1054,"$317,500.00",NridgHt,2007
1055,"$372,402.00",NridgHt,2007
1056,"$417,500.00",NridgHt,2007
1057,"$383,000.00",NridgHt,2007
1058,"$390,000.00",NridgHt,2006
1059,"$460,000.00",NridgHt,2005
1060,"$379,000.00",NridgHt,2005
1061,"$250,000.00",NridgHt,2007
1062,"$316,000.00",NridgHt,2004
1063,"$615,000.00",NridgHt,2003
1064,"$412,500.00",NridgHt,2003
1065,"$284,000.00",NridgHt,2003
1066,"$284,000.00",NridgHt,2003
1067,"$421,250.00",NridgHt,2001
1068,"$370,000.00",NridgHt,2003
1069,"$336,860.00",NridgHt,2008
1070,"$367,294.00",NridgHt,2008
1071,"$192,000.00",NridgHt,2005
1072,"$274,000.00",NridgHt,2003
1073,"$266,000.00",NridgHt,2005
1074,"$370,967.00",NridgHt,2007
1075,"$234,250.00",NridgHt,2006
1076,"$219,500.00",NridgHt,2006
1077,"$155,000.00",NridgHt,2003
1078,"$154,000.00",NridgHt,2003
1079,"$207,000.00",NridgHt,2004
1080,"$195,000.00",Blmngtn,2003
1081,"$219,990.00",Blmngtn,2004
1082,"$191,000.00",Blmngtn,2005
1083,"$159,895.00",Blmngtn,2007
1084,"$187,687.00",Blmngtn,2007
1085,"$179,000.00",Gilbert,2004
1086,"$193,000.00",Gilbert,2004
1087,"$190,000.00",Gilbert,2005
1088,"$176,000.00",Gilbert,2005
1089,"$188,000.00",Gilbert,2002
1090,"$213,000.00",Gilbert,2003
1091,"$217,300.00",NridgHt,2007
1092,"$186,500.00",Gilbert,2000
1093,"$226,750.00",Gilbert,2000
1094,"$184,000.00",Gilbert,2004
1095,"$176,000.00",Gilbert,2002
1096,"$225,000.00",Gilbert,1999
1097,"$185,900.00",Gilbert,1999
1098,"$284,500.00",NoRidge,1997
1099,"$315,000.00",NoRidge,1998
1100,"$250,000.00",NoRidge,2000
1101,"$291,000.00",NoRidge,2000
1102,"$350,000.00",NoRidge,1998
1103,"$279,500.00",NoRidge,1996
1104,"$290,000.00",NoRidge,1995
1105,"$350,000.00",NoRidge,1995
1106,"$341,000.00",NoRidge,1993
1107,"$287,500.00",NoRidge,1993
1108,"$271,000.00",NoRidge,1994
1109,"$301,500.00",NoRidge,1994
1110,"$235,128.00",Somerst,2007
1111,"$214,000.00",Somerst,2007
1112,"$232,000.00",Somerst,2006
1113,"$240,000.00",Somerst,2006
1114,"$264,132.00",Somerst,2008
1115,"$245,000.00",Somerst,2007
1116,"$227,680.00",Somerst,2008
1117,"$257,000.00",Somerst,2007
1118,"$297,900.00",Somerst,2007
1119,"$247,000.00",Somerst,2006
1120,"$212,700.00",Somerst,2007
1121,"$250,580.00",Somerst,2007
1122,"$182,000.00",Somerst,2007
1123,"$226,700.00",Somerst,2005
1124,"$250,000.00",Somerst,2003
1125,"$250,000.00",Somerst,2005
1126,"$339,750.00",Somerst,2007
1127,"$205,950.00",Somerst,2007
1128,"$256,000.00",Somerst,2007
1129,"$230,348.00",Somerst,2007
1130,"$207,500.00",Somerst,2003
1131,"$141,000.00",SawyerW,2004
1132,"$188,000.00",SawyerW,2003
1133,"$192,500.00",SawyerW,2003
1134,"$146,000.00",SawyerW,2005
1135,"$159,000.00",SawyerW,2004
1136,"$155,000.00",SawyerW,2003
1137,"$173,000.00",SawyerW,2004
1138,"$170,000.00",SawyerW,2007
1139,"$182,000.00",SawyerW,1995
1140,"$163,000.00",SawyerW,1993
1141,"$193,500.00",SawyerW,1994
1142,"$189,000.00",SawyerW,1994
1143,"$190,500.00",SawyerW,2001
1144,"$175,000.00",SawyerW,1992
1145,"$179,200.00",SawyerW,1991
1146,"$187,000.00",SawyerW,1993
1147,"$193,000.00",SawyerW,1993
1148,"$153,900.00",SawyerW,1993
1149,"$128,000.00",Sawyer,1963
1150,"$144,000.00",Sawyer,1962
1151,"$135,000.00",Sawyer,1961
1152,"$115,000.00",Sawyer,1968
1153,"$119,916.00",Sawyer,1963
1154,"$142,000.00",Sawyer,1961
1155,"$192,000.00",Veenker,1974
1156,"$140,000.00",Sawyer,1972
1157,"$290,000.00",NoRidge,1990
1158,"$372,500.00",NoRidge,1993
1159,"$196,000.00",Somerst,2004
1160,"$171,900.00",Somerst,2006
1161,"$178,000.00",Somerst,2004
1162,"$165,000.00",Somerst,2005
1163,"$146,000.00",Somerst,2007
1164,"$146,000.00",Somerst,2007
1165,"$179,400.00",Somerst,1999
1166,"$172,900.00",Somerst,1999
1167,"$300,000.00",Somerst,2000
1168,"$285,000.00",Somerst,2001
1169,"$290,000.00",Somerst,2001
1170,"$305,000.00",Somerst,1999
1171,"$328,900.00",Somerst,1999
1172,"$160,000.00",Somerst,1999
1173,"$170,000.00",Somerst,1999
1174,"$223,000.00",Somerst,2001
1175,"$170,000.00",Somerst,1999
1176,"$200,000.00",Somerst,1999
1177,"$345,000.00",Somerst,1998
1178,"$245,500.00",Veenker,1996
1179,"$217,500.00",Veenker,1995
1180,"$324,000.00",Veenker,1993
1181,"$162,500.00",Veenker,1984
1182,"$150,000.00",Veenker,1977
1183,"$290,000.00",Veenker,1976
1184,"$205,000.00",Somerst,2002
1185,"$174,000.00",NWAmes,1970
1186,"$183,000.00",NWAmes,1969
1187,"$150,000.00",NWAmes,1968
1188,"$145,000.00",NWAmes,1971
1189,"$215,000.00",NWAmes,1967
1190,"$140,500.00",NWAmes,1965
1191,"$240,000.00",NWAmes,1974
1192,"$141,000.00",NAmes,1968
1193,"$147,000.00",NAmes,1965
1194,"$135,000.00",NAmes,1965
1195,"$145,000.00",NAmes,1965
1196,"$142,600.00",NAmes,1965
1197,"$135,000.00",NWAmes,1973
1198,"$170,000.00",NWAmes,1971
1199,"$299,800.00",NWAmes,1976
1200,"$185,000.00",NWAmes,1974
1201,"$173,000.00",NWAmes,1966
1202,"$178,400.00",NAmes,1961
1203,"$176,000.00",NWAmes,1968
1204,"$98,000.00",NAmes,1956
1205,"$109,008.00",NAmes,1957
1206,"$135,750.00",NAmes,1956
1207,"$155,000.00",NAmes,1963
1208,"$180,500.00",NAmes,1964
1209,"$174,900.00",NAmes,1966
1210,"$140,000.00",NAmes,1965
1211,"$145,000.00",NAmes,1964
1212,"$179,900.00",NAmes,1965
1213,"$168,500.00",NAmes,1964
1214,"$140,000.00",NAmes,1961
1215,"$145,500.00",NAmes,1959
1216,"$142,000.00",NAmes,1959
1217,"$141,000.00",NAmes,1960
1218,"$153,000.00",NAmes,1960
1219,"$72,500.00",BrkSide,1949
1220,"$52,000.00",BrkSide,1935
1221,"$118,000.00",BrkSide,1939
1222,"$87,000.00",BrkSide,1937
1223,"$141,500.00",NAmes,1960
1224,"$119,000.00",NAmes,1950
1225,"$141,500.00",NAmes,1950
1226,"$165,500.00",NAmes,1955
1227,"$112,900.00",NAmes,1953
1228,"$201,800.00",NAmes,1965
1229,"$163,000.00",NAmes,1961
1230,"$139,950.00",NAmes,1961
1231,"$174,000.00",NAmes,1962
1232,"$165,000.00",NAmes,1962
1233,"$227,000.00",NAmes,1966
1234,"$135,000.00",NAmes,1955
1235,"$124,000.00",NAmes,1963
1236,"$140,000.00",NAmes,1962
1237,"$136,500.00",NAmes,1957
1238,"$185,000.00",NAmes,1959
1239,"$163,000.00",NAmes,1958
1240,"$166,800.00",NAmes,1958
1241,"$139,000.00",NAmes,1956
1242,"$166,000.00",NAmes,1957
1243,"$136,000.00",NAmes,1958
1244,"$133,000.00",NAmes,1956
1245,"$116,000.00",NAmes,1952
1246,"$137,500.00",NAmes,1953
1247,"$130,000.00",NAmes,1953
1248,"$180,000.00",NAmes,1957
1249,"$139,000.00",NAmes,1951
1250,"$110,000.00",NAmes,1953
1251,"$100,000.00",NAmes,1957
1252,"$118,500.00",NAmes,1947
1253,"$146,000.00",NAmes,1957
1254,"$89,900.00",OldTown,1948
1255,"$114,000.00",OldTown,1925
1256,"$140,000.00",NAmes,1945
1257,"$86,900.00",OldTown,1940
1258,"$139,000.00",OldTown,1922
1259,"$106,250.00",OldTown,1900
1260,"$171,000.00",NAmes,1962
1261,"$139,000.00",NAmes,1968
1262,"$186,000.00",NAmes,1958
1263,"$157,000.00",NAmes,1960
1264,"$148,000.00",NAmes,1960
1265,"$242,000.00",NAmes,1960
1266,"$116,000.00",NAmes,1953
1267,"$94,000.00",NAmes,1951
1268,"$98,300.00",NAmes,1950
1269,"$127,000.00",NAmes,1960
1270,"$159,000.00",NAmes,1959
1271,"$125,900.00",NAmes,1962
1272,"$155,000.00",NAmes,1960
1273,"$138,000.00",NAmes,1948
1274,"$112,500.00",NAmes,1954
1275,"$105,500.00",NAmes,1954
1276,"$127,500.00",NAmes,1954
1277,"$130,000.00",NAmes,1961
1278,"$150,000.00",NAmes,1955
1279,"$109,500.00",NAmes,1954
1280,"$140,000.00",NAmes,1963
1281,"$167,900.00",NAmes,1964
1282,"$136,870.00",NAmes,1963
1283,"$143,000.00",OldTown,2008
1284,"$73,000.00",OldTown,1925
1285,"$157,500.00",OldTown,1904
1286,"$122,600.00",OldTown,1948
1287,"$111,000.00",OldTown,1910
1288,"$256,000.00",OldTown,1920
1289,"$64,000.00",OldTown,1940
1290,"$139,500.00",OldTown,1915
1291,"$118,000.00",OldTown,1910
1292,"$200,000.00",OldTown,2003
1293,"$119,164.00",OldTown,1940
1294,"$122,250.00",OldTown,1920
1295,"$120,000.00",OldTown,1920
1296,"$155,000.00",OldTown,1940
1297,"$78,000.00",OldTown,1910
1298,"$95,000.00",OldTown,1890
1299,"$115,000.00",OldTown,1948
1300,"$147,000.00",OldTown,1948
1301,"$140,000.00",OldTown,1946
1302,"$46,500.00",OldTown,1946
1303,"$112,500.00",OldTown,1957
1304,"$107,900.00",OldTown,1954
1305,"$65,000.00",OldTown,1949
1306,"$295,000.00",OldTown,1880
1307,"$139,500.00",OldTown,1900
1308,"$153,900.00",OldTown,1915
1309,"$132,000.00",OldTown,1920
1310,"$98,000.00",OldTown,1916
1311,"$114,000.00",OldTown,1900
1312,"$130,000.00",OldTown,1920
1313,"$129,500.00",OldTown,1917
1314,"$129,400.00",OldTown,1905
1315,"$161,000.00",OldTown,1928
1316,"$163,000.00",OldTown,1905
1317,"$128,000.00",OldTown,1914
1318,"$122,000.00",OldTown,1872
1319,"$116,900.00",OldTown,1926
1320,"$325,000.00",OldTown,1893
1321,"$55,000.00",OldTown,1920
1322,"$184,000.00",OldTown,1890
1323,"$110,000.00",OldTown,1959
1324,"$131,500.00",OldTown,1954
1325,"$97,000.00",OldTown,1956
1326,"$115,500.00",OldTown,1958
1327,"$138,000.00",BrkSide,1928
1328,"$108,000.00",BrkSide,1945
1329,"$79,500.00",BrkSide,1930
1330,"$153,000.00",BrkSide,1935
1331,"$109,500.00",BrkSide,1924
1332,"$124,000.00",BrkSide,1941
1333,"$106,900.00",BrkSide,1900
1334,"$164,900.00",BrkSide,1940
1335,"$119,000.00",BrkSide,1924
1336,"$120,000.00",BrkSide,1929
1337,"$157,000.00",BrkSide,1937
1338,"$105,000.00",BrkSide,1939
1339,"$113,000.00",BrkSide,1926
1340,"$115,000.00",BrkSide,1920
1341,"$79,000.00",BrkSide,1946
1342,"$123,000.00",BrkSide,1929
1343,"$81,300.00",BrkSide,1945
1344,"$162,900.00",BrkSide,1930
1345,"$150,000.00",BrkSide,1939
1346,"$123,500.00",OldTown,1923
1347,"$129,900.00",OldTown,1931
1348,"$128,000.00",BrkSide,1920
1349,"$68,500.00",BrkSide,1927
1350,"$127,000.00",BrkSide,1948
1351,"$207,000.00",BrkSide,1923
1352,"$184,000.00",BrkSide,1925
1353,"$162,500.00",BrkSide,1915
1354,"$145,000.00",BrkSide,1940
1355,"$130,000.00",BrkSide,1918
1356,"$160,000.00",OldTown,1910
1357,"$161,000.00",OldTown,1925
1358,"$127,500.00",OldTown,1910
1359,"$93,850.00",IDOTRR,1930
1360,"$136,000.00",IDOTRR,1952
1361,"$141,000.00",IDOTRR,1938
1362,"$120,000.00",IDOTRR,1915
1363,"$127,500.00",IDOTRR,1925
1364,"$127,000.00",IDOTRR,1925
1365,"$89,500.00",IDOTRR,1920
1366,"$125,000.00",OldTown,1955
1367,"$79,900.00",OldTown,1920
1368,"$85,000.00",IDOTRR,1912
1369,"$82,375.00",IDOTRR,1915
1370,"$135,000.00",IDOTRR,1906
1371,"$124,000.00",Sawyer,1947
1372,"$134,000.00",Sawyer,1968
1373,"$135,000.00",Sawyer,1948
1374,"$134,432.00",ClearCr,1959
1375,"$127,500.00",Edwards,1940
1376,"$148,000.00",Sawyer,1963
1377,"$129,500.00",Sawyer,1965
1378,"$157,500.00",Sawyer,1978
1379,"$109,900.00",Sawyer,1966
1380,"$145,000.00",Sawyer,1967
1381,"$130,000.00",Sawyer,1967
1382,"$153,000.00",Sawyer,1978
1383,"$120,000.00",Sawyer,1967
1384,"$152,000.00",Sawyer,1984
1385,"$108,959.00",Sawyer,1969
1386,"$95,541.00",Sawyer,1920
1387,"$80,000.00",Sawyer,1959
1388,"$149,350.00",Sawyer,1966
1389,"$144,900.00",Sawyer,1963
1390,"$185,000.00",Sawyer,1956
1391,"$165,000.00",Sawyer,1954
1392,"$235,000.00",ClearCr,1960
1393,"$140,000.00",Sawyer,1958
1394,"$108,000.00",Sawyer,1940
1395,"$145,000.00",ClearCr,1960
1396,"$152,400.00",Sawyer,1941
1397,"$144,000.00",Sawyer,1970
1398,"$173,000.00",ClearCr,1996
1399,"$192,000.00",ClearCr,1977
1400,"$245,000.00",ClearCr,1979
1401,"$241,500.00",ClearCr,1954
1402,"$256,000.00",ClearCr,1954
1403,"$177,000.00",Edwards,1959
1404,"$125,600.00",Edwards,1948
1405,"$155,000.00",Edwards,1953
1406,"$240,000.00",ClearCr,1908
1407,"$260,000.00",Edwards,1940
1408,"$185,000.00",Edwards,1918
1409,"$235,000.00",Edwards,1935
1410,"$159,900.00",Edwards,1956
1411,"$99,600.00",Edwards,1975
1412,"$134,500.00",Edwards,1962
1413,"$119,000.00",Edwards,1900
1414,"$107,500.00",Edwards,1910
1415,"$125,000.00",Edwards,1950
1416,"$79,000.00",Edwards,1924
1417,"$95,000.00",Edwards,1941
1418,"$262,280.00",SawyerW,1990
1419,"$260,000.00",SawyerW,1995
1420,"$226,500.00",SawyerW,1994
1421,"$225,000.00",SawyerW,1993
1422,"$229,000.00",SawyerW,1996
1423,"$177,439.00",CollgCr,2007
1424,"$248,500.00",CollgCr,2007
1425,"$475,000.00",CollgCr,2008
1426,"$395,039.00",CollgCr,2008
1427,"$228,000.00",SawyerW,1993
1428,"$225,000.00",SawyerW,1995
1429,"$195,000.00",ClearCr,1966
1430,"$200,000.00",ClearCr,1997
1431,"$155,000.00",CollgCr,1994
1432,"$144,000.00",CollgCr,1995
1433,"$145,000.00",CollgCr,1994
1434,"$226,001.00",CollgCr,1997
1435,"$215,700.00",CollgCr,1997
1436,"$207,500.00",CollgCr,2000
1437,"$193,000.00",CollgCr,1999
1438,"$188,000.00",CollgCr,1998
1439,"$191,000.00",CollgCr,1999
1440,"$221,000.00",CollgCr,2002
1441,"$231,500.00",CollgCr,2001
1442,"$235,000.00",CollgCr,2000
1443,"$223,500.00",CollgCr,2001
1444,"$130,250.00",CollgCr,1975
1445,"$149,900.00",CollgCr,1977
1446,"$158,000.00",CollgCr,1978
1447,"$147,000.00",CollgCr,1978
1448,"$143,195.00",CollgCr,1975
1449,"$163,000.00",CollgCr,1975
1450,"$110,000.00",CollgCr,1975
1451,"$127,000.00",CollgCr,1972
1452,"$124,900.00",CollgCr,1972
1453,"$230,000.00",CollgCr,2002
1454,"$237,000.00",CollgCr,2002
1455,"$235,000.00",CollgCr,2000
1456,"$230,500.00",CollgCr,2001
1457,"$230,000.00",CollgCr,1999
1458,"$222,500.00",CollgCr,1998
1459,"$287,000.00",CollgCr,2001
1460,"$274,000.00",CollgCr,2001
1461,"$300,000.00",CollgCr,2002
1462,"$255,900.00",CollgCr,2002
1463,"$224,900.00",CollgCr,2003
1464,"$240,000.00",CollgCr,2003
1465,"$183,000.00",CollgCr,2003
1466,"$207,000.00",CollgCr,1999
1467,"$210,000.00",CollgCr,1994
1468,"$136,500.00",CollgCr,2003
1469,"$145,000.00",CollgCr,2004
1470,"$208,900.00",CollgCr,1997
1471,"$185,000.00",CollgCr,1997
1472,"$214,000.00",CollgCr,2002
1473,"$208,500.00",CollgCr,2003
1474,"$186,500.00",CollgCr,2004
1475,"$210,000.00",CollgCr,2004
1476,"$185,900.00",CollgCr,2004
1477,"$179,900.00",CollgCr,2007
1478,"$218,836.00",CollgCr,2007
1479,"$193,000.00",CollgCr,2007
1480,"$189,000.00",CollgCr,2005
1481,"$149,300.00",CollgCr,2004
1482,"$141,000.00",CollgCr,2004
1483,"$149,000.00",CollgCr,2004
1484,"$144,500.00",CollgCr,2004
1485,"$85,000.00",Edwards,1910
1486,"$145,900.00",Edwards,1900
1487,"$123,000.00",Edwards,1966
1488,"$147,500.00",Edwards,1965
1489,"$165,000.00",Edwards,1976
1490,"$135,000.00",Edwards,1976
1491,"$108,000.00",Edwards,1940
1492,"$137,500.00",Edwards,1972
1493,"$165,400.00",Edwards,2003
1494,"$147,000.00",Edwards,1977
1495,"$160,500.00",Edwards,1976
1496,"$176,000.00",Edwards,2005
1497,"$284,700.00",Edwards,1959
1498,"$160,000.00",Edwards,2008
1499,"$148,000.00",Edwards,2005
1500,"$82,000.00",Edwards,1955
1501,"$82,000.00",Edwards,1955
1502,"$118,000.00",Edwards,1955
1503,"$82,500.00",Edwards,1955
1504,"$91,900.00",Edwards,1955
1505,"$120,000.00",Edwards,1938
1506,"$96,000.00",Edwards,1947
1507,"$99,000.00",Edwards,1953
1508,"$130,500.00",Edwards,1946
1509,"$135,000.00",Edwards,1954
1510,"$135,500.00",Edwards,1955
1511,"$100,000.00",Edwards,1954
1512,"$108,000.00",Edwards,1923
1513,"$98,000.00",Edwards,1925
1514,"$67,000.00",Edwards,1914
1515,"$135,900.00",SWISU,1912
1516,"$140,000.00",SWISU,1925
1517,"$179,500.00",SWISU,1939
1518,"$136,500.00",SWISU,1925
1519,"$168,000.00",SWISU,1921
1520,"$130,000.00",SWISU,1911
1521,"$189,000.00",SWISU,1921
1522,"$161,900.00",SWISU,1930
1523,"$145,000.00",Crawfor,1926
1524,"$191,000.00",Crawfor,1922
1525,"$177,000.00",Crawfor,1915
1526,"$147,500.00",Crawfor,1914
1527,"$91,000.00",SWISU,1930
1528,"$231,000.00",Crawfor,1925
1529,"$115,000.00",SWISU,1936
1530,"$138,000.00",Crawfor,1923
1531,"$149,000.00",Crawfor,1931
1532,"$188,700.00",Crawfor,1934
1533,"$198,000.00",Crawfor,1937
1534,"$110,000.00",Crawfor,1938
1535,"$104,000.00",Crawfor,1951
1536,"$257,076.00",Crawfor,1935
1537,"$381,000.00",Crawfor,1935
1538,"$311,500.00",Crawfor,1939
1539,"$263,400.00",Crawfor,1950
1540,"$236,500.00",Crawfor,1956
1541,"$224,000.00",Crawfor,1954
1542,"$116,500.00",Blueste,1980
1543,"$151,000.00",Blueste,1980
1544,"$126,000.00",IDOTRR,1926
1545,"$120,000.00",IDOTRR,1940
1546,"$55,000.00",IDOTRR,1922
1547,"$120,500.00",IDOTRR,1930
1548,"$120,500.00",IDOTRR,1940
1549,"$119,000.00",IDOTRR,1930
1550,"$126,000.00",IDOTRR,1967
1551,"$99,500.00",IDOTRR,1930
1552,"$165,500.00",IDOTRR,1958
1553,"$13,100.00",IDOTRR,1952
1554,"$89,000.00",IDOTRR,1895
1555,"$40,000.00",IDOTRR,1920
1556,"$80,900.00",IDOTRR,1910
1557,"$81,000.00",IDOTRR,1935
1558,"$65,000.00",IDOTRR,1920
1559,"$392,500.00",Crawfor,2008
1560,"$294,464.00",Crawfor,2007
1561,"$250,000.00",Crawfor,2004
1562,"$275,000.00",Crawfor,2004
1563,"$300,000.00",Mitchel,1996
1564,"$271,000.00",Mitchel,2002
1565,"$213,000.00",Mitchel,1996
1566,"$171,000.00",Mitchel,1977
1567,"$171,500.00",Mitchel,1977
1568,"$100,000.00",Mitchel,1976
1569,"$228,500.00",Mitchel,1991
1570,"$228,950.00",Timber,1965
1571,"$241,500.00",Timber,1986
1572,"$287,000.00",Timber,1976
1573,"$294,000.00",Timber,2006
1574,"$293,077.00",Timber,2007
1575,"$264,966.00",Timber,2007
1576,"$172,500.00",Timber,2006
1577,"$167,500.00",Timber,2006
1578,"$218,689.00",Timber,2008
1579,"$150,000.00",Timber,1989
1580,"$184,000.00",Timber,1986
1581,"$180,000.00",Timber,1986
1582,"$175,000.00",Timber,1988
1583,"$232,500.00",Timber,2003
1584,"$195,000.00",Timber,1999
1585,"$305,000.00",Timber,2003
1586,"$298,751.00",Timber,2007
1587,"$370,000.00",Timber,2005
1588,"$209,200.00",Mitchel,1997
1589,"$206,300.00",Mitchel,1997
1590,"$146,000.00",Mitchel,2007
1591,"$160,500.00",Mitchel,1997
1592,"$173,000.00",Mitchel,1964
1593,"$124,000.00",MeadowV,1975
1594,"$115,000.00",MeadowV,1976
1595,"$129,500.00",MeadowV,1976
1596,"$105,000.00",MeadowV,1973
1597,"$94,900.00",MeadowV,1973
1598,"$152,500.00",Mitchel,1968
1599,"$98,000.00",MeadowV,1970
1600,"$81,000.00",MeadowV,1972
1601,"$113,000.00",Mitchel,1954
1602,"$128,500.00",Mitchel,1983
1603,"$119,500.00",Mitchel,1984
1604,"$130,500.00",Mitchel,1982
1605,"$138,000.00",Mitchel,1982
1606,"$134,500.00",Mitchel,1982
1607,"$160,000.00",Mitchel,1940
1608,"$137,500.00",Mitchel,1984
1609,"$172,000.00",Mitchel,1969
1610,"$103,000.00",IDOTRR,1900
1611,"$167,300.00",NAmes,1971
1612,"$167,000.00",NAmes,1970
1613,"$244,000.00",NAmes,1973
1614,"$268,000.00",NAmes,1970
1615,"$225,000.00",Gilbert,2003
1616,"$168,000.00",Gilbert,1995
1617,"$177,000.00",Gilbert,1997
1618,"$169,000.00",Gilbert,1997
1619,"$161,500.00",Gilbert,1997
1620,"$251,000.00",StoneBr,2000
1621,"$160,000.00",Gilbert,1994
1622,"$180,000.00",Gilbert,1999
1623,"$178,750.00",Gilbert,1996
1624,"$176,000.00",Gilbert,1995
1625,"$204,000.00",Gilbert,1999
1626,"$160,000.00",Gilbert,1992
1627,"$160,000.00",Gilbert,1991
1628,"$163,900.00",Gilbert,1992
1629,"$168,000.00",Gilbert,1993
1630,"$154,204.00",Gilbert,1964
1631,"$170,000.00",StoneBr,1986
1632,"$207,500.00",StoneBr,1984
1633,"$182,000.00",StoneBr,1988
1634,"$212,000.00",StoneBr,1990
1635,"$377,426.00",StoneBr,2005
1636,"$349,265.00",StoneBr,2005
1637,"$591,587.00",StoneBr,2006
1638,"$155,000.00",Gilbert,1969
1639,"$319,900.00",StoneBr,2006
1640,"$392,000.00",StoneBr,2007
1641,"$441,929.00",StoneBr,2006
1642,"$455,000.00",StoneBr,2006
1643,"$182,900.00",NWAmes,1981
1644,"$174,000.00",NWAmes,1984
1645,"$178,000.00",NWAmes,1984
1646,"$176,000.00",NWAmes,1981
1647,"$213,000.00",NWAmes,1978
1648,"$192,000.00",NWAmes,1979
1649,"$190,000.00",NWAmes,1977
1650,"$195,000.00",NWAmes,1976
1651,"$148,000.00",NWAmes,1978
1652,"$151,500.00",NWAmes,1984
1653,"$197,000.00",NWAmes,1979
1654,"$192,350.00",NWAmes,1979
1655,"$152,000.00",NWAmes,1969
1656,"$170,000.00",NWAmes,1971
1657,"$175,000.00",NWAmes,1971
1658,"$175,000.00",NWAmes,1968
1659,"$197,900.00",NWAmes,1976
1660,"$174,000.00",NWAmes,1976
1661,"$178,900.00",NWAmes,1974
1662,"$139,000.00",NAmes,1971
1663,"$143,250.00",NAmes,1971
1664,"$184,000.00",NAmes,1972
1665,"$155,000.00",NAmes,1970
1666,"$133,000.00",NAmes,1970
1667,"$119,500.00",NAmes,1971
1668,"$123,000.00",NAmes,1971
1669,"$110,000.00",NAmes,1971
1670,"$128,000.00",NAmes,1961
1671,"$120,500.00",NAmes,1971
1672,"$133,000.00",NAmes,1998
1673,"$155,000.00",NAmes,2001
1674,"$177,000.00",NAmes,1997
1675,"$113,500.00",BrDale,1973
1676,"$113,000.00",BrDale,1973
1677,"$113,700.00",BrDale,1973
1678,"$106,000.00",BrDale,1970
1679,"$122,500.00",BrDale,1971
1680,"$128,000.00",NPkVill,1976
1681,"$155,000.00",NPkVill,1976
1682,"$142,500.00",NPkVill,1978
1683,"$129,250.00",NAmes,1966
1684,"$356,000.00",NridgHt,2006
1685,"$314,813.00",NridgHt,2007
1686,"$318,000.00",NridgHt,2007
1687,"$322,400.00",NridgHt,2006
1688,"$318,000.00",NridgHt,2007
1689,"$345,474.00",NridgHt,2007
1690,"$415,298.00",NridgHt,2006
1691,"$492,000.00",NridgHt,2007
1692,"$338,931.00",NridgHt,2006
1693,"$450,000.00",NridgHt,2005
1694,"$280,000.00",NridgHt,2006
1695,"$479,069.00",NridgHt,2007
1696,"$395,000.00",NridgHt,2006
1697,"$380,000.00",NridgHt,2006
1698,"$250,000.00",NridgHt,2006
1699,"$440,000.00",NridgHt,2006
1700,"$418,000.00",NridgHt,2005
1701,"$500,067.00",NridgHt,2007
1702,"$260,116.00",NridgHt,2007
1703,"$317,000.00",NridgHt,2004
1704,"$319,500.00",NridgHt,2007
1705,"$325,624.00",NridgHt,2007
1706,"$372,000.00",NridgHt,2006
1707,"$342,000.00",NridgHt,2004
1708,"$354,000.00",NridgHt,2004
1709,"$350,000.00",NridgHt,2003
1710,"$285,000.00",NridgHt,2003
1711,"$281,500.00",NridgHt,2007
1712,"$245,700.00",NridgHt,2005
1713,"$232,698.00",NridgHt,2005
1714,"$250,000.00",NridgHt,2006
1715,"$194,700.00",NridgHt,2005
1716,"$204,000.00",NridgHt,2005
1717,"$200,000.00",NridgHt,2005
1718,"$207,000.00",NridgHt,2005
1719,"$209,500.00",NridgHt,2006
1720,"$209,500.00",NridgHt,2006
1721,"$202,500.00",NridgHt,2006
1722,"$280,000.00",NridgHt,2005
1723,"$277,500.00",NridgHt,2005
1724,"$318,061.00",NridgHt,2007
1725,"$221,370.00",NridgHt,2006
1726,"$200,000.00",NridgHt,2003
1727,"$181,755.00",Gilbert,2007
1728,"$176,000.00",Gilbert,2005
1729,"$178,900.00",Gilbert,2005
1730,"$168,165.00",Gilbert,2006
1731,"$171,925.00",Gilbert,2006
1732,"$198,444.00",Gilbert,2006
1733,"$203,000.00",Gilbert,2005
1734,"$179,540.00",Gilbert,2007
1735,"$176,485.00",Gilbert,2007
1736,"$181,134.00",Gilbert,2007
1737,"$156,932.00",Gilbert,2006
1738,"$166,000.00",Gilbert,2007
1739,"$177,594.00",Gilbert,2007
1740,"$173,500.00",Gilbert,2007
1741,"$172,500.00",Blmngtn,2006
1742,"$194,201.00",Blmngtn,2006
1743,"$226,500.00",Blmngtn,2003
1744,"$185,485.00",Blmngtn,2007
1745,"$259,000.00",Gilbert,2004
1746,"$188,500.00",Gilbert,2004
1747,"$175,000.00",Gilbert,2004
1748,"$215,000.00",Gilbert,2004
1749,"$206,580.00",Gilbert,2006
1750,"$183,500.00",Gilbert,2004
1751,"$165,500.00",Gilbert,2003
1752,"$211,000.00",Gilbert,2003
1753,"$181,000.00",Gilbert,2000
1754,"$219,500.00",Gilbert,2002
1755,"$175,000.00",Gilbert,1999
1756,"$170,000.00",Gilbert,2000
1757,"$162,000.00",Gilbert,2003
1758,"$187,000.00",Gilbert,2000
1759,"$185,000.00",Gilbert,1999
1760,"$745,000.00",NoRidge,1996
1761,"$384,500.00",NoRidge,1997
1762,"$248,000.00",NoRidge,2000
1763,"$466,500.00",NoRidge,2001
1764,"$410,000.00",NoRidge,1998
1765,"$322,500.00",NoRidge,1998
1766,"$252,000.00",NoRidge,1998
1767,"$755,000.00",NoRidge,1994
1768,"$269,790.00",NoRidge,1996
1769,"$315,750.00",NoRidge,1996
1770,"$290,000.00",NoRidge,1995
1771,"$290,000.00",NoRidge,1995
1772,"$430,000.00",NoRidge,1992
1773,"$263,000.00",NoRidge,1992
1774,"$330,000.00",NoRidge,1996
1775,"$213,133.00",Somerst,2007
1776,"$260,261.00",Somerst,2007
1777,"$320,000.00",Somerst,2006
1778,"$282,922.00",Somerst,2007
1779,"$215,000.00",Somerst,2006
1780,"$419,005.00",Somerst,2007
1781,"$255,000.00",Somerst,2006
1782,"$147,000.00",Somerst,2006
1783,"$235,876.00",Somerst,2007
1784,"$311,872.00",Somerst,2007
1785,"$248,328.00",Somerst,2007
1786,"$227,000.00",Somerst,2006
1787,"$260,000.00",Somerst,2005
1788,"$225,000.00",Somerst,2007
1789,"$249,000.00",Somerst,2005
1790,"$307,000.00",Somerst,2004
1791,"$250,000.00",Somerst,2006
1792,"$221,300.00",Somerst,2006
1793,"$208,900.00",Somerst,2007
1794,"$210,400.00",Somerst,2006
1795,"$255,000.00",Somerst,2007
1796,"$212,109.00",Somerst,2007
1797,"$270,000.00",Somerst,2006
1798,"$303,477.00",Somerst,2007
1799,"$310,013.00",Somerst,2007
1800,"$249,700.00",Somerst,2006
1801,"$227,875.00",Somerst,2007
1802,"$261,329.00",Somerst,2007
1803,"$253,000.00",Somerst,2006
1804,"$265,000.00",Somerst,2004
1805,"$340,000.00",Somerst,2004
1806,"$146,000.00",SawyerW,2006
1807,"$147,000.00",SawyerW,2006
1808,"$149,000.00",SawyerW,2003
1809,"$181,000.00",SawyerW,2006
1810,"$201,000.00",SawyerW,1994
1811,"$191,750.00",SawyerW,1993
1812,"$179,000.00",SawyerW,2000
1813,"$215,000.00",SawyerW,1998
1814,"$179,200.00",SawyerW,1992
1815,"$128,000.00",SawyerW,1980
1816,"$144,000.00",SawyerW,1983
1817,"$144,000.00",SawyerW,1977
1818,"$120,750.00",Sawyer,1977
1819,"$132,500.00",Sawyer,1963
1820,"$132,000.00",Sawyer,1962
1821,"$132,500.00",Sawyer,1962
1822,"$129,000.00",Sawyer,1961
1823,"$143,900.00",Sawyer,1962
1824,"$145,000.00",Sawyer,1968
1825,"$128,500.00",Sawyer,1961
1826,"$125,500.00",Sawyer,1967
1827,"$300,000.00",Veenker,1990
1828,"$294,000.00",Veenker,1974
1829,"$129,000.00",Sawyer,1974
1830,"$171,000.00",Sawyer,1975
1831,"$147,000.00",Sawyer,1973
1832,"$302,000.00",NoRidge,1990
1833,"$285,000.00",NoRidge,1992
1834,"$214,000.00",Somerst,2004
1835,"$166,000.00",Somerst,2006
1836,"$193,800.00",Somerst,2006
1837,"$208,900.00",Somerst,2006
1838,"$194,000.00",Somerst,2006
1839,"$207,500.00",Somerst,2006
1840,"$199,900.00",Somerst,2006
1841,"$164,700.00",Somerst,2006
1842,"$176,500.00",Somerst,1999
1843,"$176,000.00",Somerst,1999
1844,"$168,500.00",Somerst,2000
1845,"$177,000.00",Somerst,2000
1846,"$177,000.00",Somerst,2000
1847,"$148,800.00",Somerst,2004
1848,"$174,000.00",Somerst,1999
1849,"$239,000.00",Somerst,1997
1850,"$204,000.00",Somerst,1999
1851,"$301,000.00",Somerst,2003
1852,"$312,500.00",Somerst,1998
1853,"$279,700.00",Veenker,1994
1854,"$255,000.00",Veenker,1980
1855,"$194,000.00",Veenker,1978
1856,"$218,000.00",Veenker,1976
1857,"$213,750.00",Greens,1978
1858,"$187,000.00",Veenker,1976
1859,"$181,500.00",Veenker,1976
1860,"$373,000.00",Veenker,1981
1861,"$190,000.00",Sawyer,1977
1862,"$226,000.00",Somerst,2001
1863,"$143,450.00",NWAmes,1968
1864,"$240,050.00",NWAmes,1970
1865,"$162,500.00",NWAmes,1969
1866,"$164,000.00",NWAmes,1968
1867,"$185,000.00",NWAmes,1972
1868,"$188,500.00",NWAmes,1993
1869,"$255,000.00",NWAmes,1993
1870,"$136,905.00",NWAmes,1976
1871,"$158,500.00",NWAmes,1966
1872,"$175,500.00",NWAmes,1973
1873,"$127,000.00",NWAmes,1963
1874,"$127,000.00",NAmes,1967
1875,"$143,000.00",NAmes,1967
1876,"$156,000.00",NAmes,1965
1877,"$144,000.00",NAmes,1958
1878,"$119,000.00",NAmes,1964
1879,"$103,000.00",NAmes,1964
1880,"$139,900.00",NAmes,1960
1881,"$151,500.00",NAmes,1960
1882,"$126,500.00",NAmes,1960
1883,"$145,000.00",NAmes,1958
1884,"$120,000.00",NAmes,1958
1885,"$124,000.00",NAmes,1956
1886,"$106,500.00",NAmes,1959
1887,"$140,500.00",NAmes,1961
1888,"$137,500.00",NAmes,1961
1889,"$117,600.00",NAmes,1960
1890,"$163,500.00",NAmes,1966
1891,"$161,000.00",NAmes,1965
1892,"$158,000.00",NAmes,1964
1893,"$224,500.00",NAmes,1964
1894,"$147,000.00",NAmes,1964
1895,"$200,000.00",NAmes,1959
1896,"$181,900.00",NAmes,1960
1897,"$150,750.00",NAmes,1959
1898,"$101,800.00",NAmes,1962
1899,"$124,000.00",NAmes,1950
1900,"$138,500.00",NAmes,1940
1901,"$39,300.00",BrkSide,1946
1902,"$64,500.00",BrkSide,1946
1903,"$64,000.00",BrkSide,1945
1904,"$112,000.00",BrkSide,1958
1905,"$165,000.00",NAmes,1964
1906,"$144,000.00",NAmes,1955
1907,"$137,000.00",NAmes,1948
1908,"$105,000.00",NAmes,1941
1909,"$146,500.00",NAmes,1942
1910,"$126,000.00",NAmes,1968
1911,"$175,000.00",NAmes,1966
1912,"$158,500.00",NAmes,1961
1913,"$114,500.00",NAmes,1958
1914,"$144,000.00",NAmes,1958
1915,"$129,000.00",NAmes,1965
1916,"$141,000.00",NAmes,1957
1917,"$131,000.00",NAmes,1956
1918,"$142,100.00",NAmes,1963
1919,"$139,000.00",NAmes,1958
1920,"$157,900.00",NAmes,1958
1921,"$139,400.00",NAmes,1954
1922,"$150,000.00",NAmes,1957
1923,"$120,000.00",NAmes,1960
1924,"$174,850.00",NAmes,1957
1925,"$116,000.00",NAmes,1957
1926,"$135,000.00",NAmes,1956
1927,"$163,500.00",NAmes,1970
1928,"$130,000.00",NAmes,1955
1929,"$129,500.00",NAmes,1955
1930,"$142,000.00",NAmes,1953
1931,"$128,600.00",NAmes,1958
1932,"$125,000.00",NAmes,1952
1933,"$136,000.00",NAmes,1953
1934,"$134,500.00",NAmes,1953
1935,"$127,000.00",NAmes,1956
1936,"$130,000.00",NAmes,1955
1937,"$115,000.00",NAmes,1955
1938,"$116,900.00",NAmes,1955
1939,"$132,000.00",NAmes,1956
1940,"$153,000.00",NAmes,1953
1941,"$112,500.00",OldTown,1952
1942,"$138,000.00",OldTown,1890
1943,"$135,000.00",NAmes,1949
1944,"$156,000.00",NAmes,1953
1945,"$301,600.00",NAmes,1935
1946,"$109,000.00",OldTown,1940
1947,"$103,200.00",OldTown,1956
1948,"$128,500.00",OldTown,1925
1949,"$64,500.00",OldTown,1927
1950,"$148,000.00",OldTown,1895
1951,"$86,000.00",OldTown,1920
1952,"$172,000.00",NAmes,1963
1953,"$120,000.00",NAmes,1961
1954,"$128,500.00",NAmes,1968
1955,"$135,000.00",NAmes,1969
1956,"$122,900.00",NAmes,1949
1957,"$119,200.00",NAmes,1948
1958,"$143,000.00",NAmes,1949
1959,"$119,000.00",NAmes,1950
1960,"$102,000.00",NAmes,1950
1961,"$129,000.00",NAmes,1950
1962,"$135,000.00",NAmes,1960
1963,"$152,000.00",NAmes,1959
1964,"$140,000.00",NAmes,1958
1965,"$152,000.00",NAmes,1960
1966,"$156,500.00",NAmes,1960
1967,"$141,000.00",NAmes,1961
1968,"$99,000.00",NAmes,1961
1969,"$187,000.00",NAmes,1964
1970,"$169,500.00",NAmes,1962
1971,"$125,500.00",NAmes,1962
1972,"$130,000.00",NAmes,1962
1973,"$103,000.00",OldTown,1926
1974,"$132,000.00",OldTown,1910
1975,"$127,500.00",OldTown,1927
1976,"$89,500.00",OldTown,1922
1977,"$140,000.00",OldTown,1980
1978,"$99,900.00",OldTown,1920
1979,"$100,000.00",OldTown,1885
1980,"$130,000.00",OldTown,1940
1981,"$135,000.00",OldTown,1900
1982,"$120,000.00",OldTown,1948
1983,"$89,471.00",OldTown,1937
1984,"$85,000.00",OldTown,1900
1985,"$108,500.00",OldTown,1920
1986,"$137,000.00",OldTown,1900
1987,"$110,500.00",OldTown,1945
1988,"$100,000.00",OldTown,1923
1989,"$184,900.00",OldTown,1910
1990,"$145,000.00",OldTown,1927
1991,"$125,000.00",OldTown,1925
1992,"$114,000.00",OldTown,1910
1993,"$90,000.00",OldTown,1900
1994,"$144,100.00",OldTown,1910
1995,"$117,500.00",OldTown,1880
1996,"$124,500.00",OldTown,1930
1997,"$185,000.00",OldTown,1879
1998,"$133,900.00",OldTown,1910
1999,"$152,000.00",OldTown,1926
2000,"$153,500.00",OldTown,1948
2001,"$159,500.00",OldTown,1890
2002,"$87,000.00",OldTown,1930
2003,"$104,500.00",OldTown,1956
2004,"$110,000.00",OldTown,1949
2005,"$136,500.00",BrkSide,1925
2006,"$128,250.00",BrkSide,1950
2007,"$144,000.00",BrkSide,1920
2008,"$210,000.00",BrkSide,1923
2009,"$135,000.00",BrkSide,1939
2010,"$128,000.00",BrkSide,1939
2011,"$131,000.00",BrkSide,1941
2012,"$113,000.00",BrkSide,1939
2013,"$126,000.00",BrkSide,1938
2014,"$132,000.00",BrkSide,1939
2015,"$131,750.00",BrkSide,1930
2016,"$132,500.00",BrkSide,1926
2017,"$137,500.00",BrkSide,1920
2018,"$132,000.00",BrkSide,1929
2019,"$127,500.00",BrkSide,1931
2020,"$102,000.00",BrkSide,1926
2021,"$200,000.00",OldTown,1918
2022,"$180,500.00",BrkSide,1919
2023,"$165,000.00",BrkSide,1920
2024,"$90,000.00",BrkSide,1926
2025,"$153,575.00",BrkSide,1915
2026,"$140,000.00",OldTown,1929
2027,"$136,000.00",OldTown,1916
2028,"$113,000.00",OldTown,1901
2029,"$117,000.00",OldTown,1901
2030,"$169,500.00",IDOTRR,1931
2031,"$139,400.00",IDOTRR,1930
2032,"$202,500.00",IDOTRR,1963
2033,"$127,000.00",IDOTRR,1914
2034,"$141,000.00",IDOTRR,1937
2035,"$212,300.00",IDOTRR,1950
2036,"$161,000.00",IDOTRR,1915
2037,"$99,500.00",IDOTRR,1958
2038,"$101,000.00",IDOTRR,1920
2039,"$109,900.00",IDOTRR,1916
2040,"$128,500.00",OldTown,1941
2041,"$122,000.00",OldTown,1910
2042,"$87,000.00",OldTown,1930
2043,"$50,000.00",IDOTRR,1910
2044,"$219,000.00",Sawyer,1937
2045,"$200,500.00",ClearCr,1946
2046,"$126,000.00",Edwards,1940
2047,"$108,500.00",SWISU,1942
2048,"$130,000.00",Sawyer,1963
2049,"$158,450.00",Sawyer,1964
2050,"$115,400.00",Sawyer,1964
2051,"$118,500.00",Sawyer,1961
2052,"$165,000.00",Sawyer,1964
2053,"$123,000.00",Sawyer,1966
2054,"$129,000.00",Sawyer,1966
2055,"$125,000.00",Sawyer,1966
2056,"$108,000.00",Sawyer,1968
2057,"$119,900.00",Sawyer,1971
2058,"$115,000.00",Sawyer,1968
2059,"$134,500.00",Sawyer,1967
2060,"$127,000.00",Sawyer,1966
2061,"$129,000.00",Sawyer,1968
2062,"$143,500.00",Sawyer,1977
2063,"$129,000.00",Sawyer,1966
2064,"$187,000.00",Sawyer,1956
2065,"$158,000.00",Sawyer,1920
2066,"$112,000.00",Sawyer,1918
2067,"$165,250.00",Sawyer,1940
2068,"$150,000.00",Sawyer,1954
2069,"$137,000.00",Sawyer,1958
2070,"$89,500.00",Sawyer,1945
2071,"$302,000.00",ClearCr,1971
2072,"$182,000.00",ClearCr,1984
2073,"$211,000.00",ClearCr,1988
2074,"$216,000.00",Edwards,1948
2075,"$130,000.00",Edwards,1953
2076,"$109,900.00",Edwards,1946
2077,"$255,000.00",ClearCr,1954
2078,"$243,000.00",Edwards,1950
2079,"$154,000.00",Edwards,1954
2080,"$118,000.00",SWISU,1958
2081,"$80,000.00",Edwards,1958
2082,"$150,000.00",Edwards,1977
2083,"$86,000.00",Edwards,1920
2084,"$130,000.00",Edwards,1984
2085,"$125,000.00",Edwards,1951
2086,"$136,500.00",Edwards,1951
2087,"$96,000.00",Edwards,1920
2088,"$120,000.00",Edwards,1957
2089,"$228,500.00",SawyerW,1984
2090,"$179,900.00",SawyerW,1990
2091,"$225,000.00",SawyerW,1990
2092,"$301,000.00",SawyerW,1986
2093,"$238,000.00",SawyerW,1991
2094,"$228,500.00",SawyerW,1989
2095,"$220,000.00",SawyerW,1994
2096,"$383,970.00",CollgCr,2007
2097,"$424,870.00",CollgCr,2006
2098,"$250,000.00",CollgCr,2007
2099,"$360,000.00",CollgCr,2006
2100,"$279,500.00",CollgCr,2006
2101,"$200,141.00",CollgCr,2007
2102,"$246,500.00",CollgCr,2007
2103,"$276,000.00",CollgCr,2007
2104,"$203,000.00",CollgCr,2005
2105,"$155,835.00",CollgCr,2006
2106,"$194,000.00",CollgCr,2006
2107,"$195,400.00",CollgCr,2007
2108,"$217,000.00",CollgCr,2005
2109,"$212,999.00",CollgCr,2006
2110,"$175,900.00",CollgCr,2005
2111,"$191,000.00",CollgCr,2005
2112,"$176,432.00",CollgCr,2006
2113,"$277,000.00",SawyerW,1988
2114,"$207,000.00",SawyerW,1988
2115,"$277,000.00",ClearCr,1958
2116,"$240,000.00",ClearCr,1992
2117,"$187,500.00",ClearCr,1966
2118,"$279,000.00",ClearCr,1976
2119,"$139,500.00",CollgCr,1994
2120,"$126,000.00",CollgCr,1994
2121,"$177,500.00",CollgCr,1995
2122,"$175,000.00",CollgCr,1997
2123,"$211,000.00",CollgCr,1998
2124,"$146,000.00",CollgCr,1994
2125,"$147,900.00",CollgCr,1996
2126,"$123,600.00",CollgCr,1994
2127,"$204,750.00",CollgCr,1997
2128,"$235,500.00",CollgCr,1999
2129,"$217,000.00",CollgCr,1998
2130,"$190,550.00",CollgCr,2001
2131,"$217,500.00",CollgCr,2000
2132,"$226,000.00",CollgCr,2003
2133,"$180,000.00",CollgCr,2003
2134,"$131,000.00",CollgCr,1974
2135,"$153,500.00",CollgCr,1976
2136,"$160,000.00",CollgCr,1977
2137,"$134,900.00",CollgCr,1977
2138,"$130,000.00",CollgCr,1977
2139,"$120,000.00",CollgCr,1975
2140,"$112,500.00",CollgCr,1972
2141,"$122,000.00",CollgCr,1975
2142,"$127,000.00",CollgCr,1972
2143,"$117,000.00",CollgCr,1972
2144,"$305,900.00",CollgCr,2004
2145,"$228,500.00",CollgCr,2002
2146,"$270,000.00",CollgCr,2000
2147,"$192,000.00",CollgCr,2002
2148,"$213,000.00",CollgCr,2003
2149,"$200,000.00",CollgCr,2002
2150,"$267,000.00",CollgCr,1998
2151,"$228,000.00",CollgCr,1994
2152,"$275,000.00",CollgCr,2001
2153,"$211,000.00",CollgCr,1996
2154,"$285,000.00",CollgCr,2002
2155,"$240,000.00",CollgCr,1995
2156,"$131,500.00",CollgCr,2003
2157,"$246,900.00",CollgCr,1999
2158,"$219,500.00",CollgCr,2003
2159,"$185,000.00",CollgCr,2003
2160,"$179,400.00",CollgCr,2007
2161,"$213,500.00",CollgCr,2006
2162,"$179,600.00",CollgCr,2004
2163,"$173,500.00",CollgCr,2005
2164,"$167,840.00",CollgCr,2006
2165,"$168,675.00",CollgCr,2006
2166,"$167,000.00",CollgCr,2005
2167,"$140,000.00",Edwards,1965
2168,"$118,500.00",Edwards,1967
2169,"$110,000.00",Edwards,1963
2170,"$94,750.00",Edwards,1965
2171,"$122,000.00",Edwards,1925
2172,"$110,000.00",Edwards,1960
2173,"$118,500.00",Edwards,1990
2174,"$133,500.00",Edwards,1976
2175,"$148,000.00",Edwards,1976
2176,"$141,000.00",Edwards,1979
2177,"$155,000.00",Edwards,2006
2178,"$157,000.00",Edwards,2005
2179,"$171,500.00",Edwards,2005
2180,"$183,850.00",Edwards,2008
2181,"$184,750.00",Edwards,2007
2182,"$140,000.00",Edwards,2005
2183,"$131,750.00",Edwards,1959
2184,"$61,500.00",Edwards,1955
2185,"$111,000.00",Edwards,1954
2186,"$98,500.00",Edwards,1946
2187,"$79,000.00",Edwards,1931
2188,"$108,500.00",Edwards,1920
2189,"$110,000.00",Edwards,1954
2190,"$112,000.00",Edwards,1910
2191,"$125,000.00",Edwards,1955
2192,"$79,275.00",Edwards,1955
2193,"$119,000.00",Edwards,1954
2194,"$200,000.00",SWISU,1914
2195,"$150,000.00",SWISU,1923
2196,"$165,000.00",Crawfor,1923
2197,"$96,500.00",Crawfor,1926
2198,"$136,500.00",Crawfor,1926
2199,"$146,500.00",Crawfor,1921
2200,"$175,000.00",SWISU,1937
2201,"$148,500.00",Crawfor,1930
2202,"$141,500.00",Crawfor,1921
2203,"$189,950.00",Crawfor,1918
2204,"$135,000.00",Crawfor,1926
2205,"$164,000.00",Crawfor,1941
2206,"$90,350.00",Crawfor,1913
2207,"$139,000.00",Crawfor,1910
2208,"$119,750.00",Crawfor,1938
2209,"$145,000.00",Crawfor,1946
2210,"$145,000.00",Crawfor,1949
2211,"$238,000.00",Crawfor,1927
2212,"$153,500.00",Crawfor,1951
2213,"$239,000.00",Crawfor,1918
2214,"$359,100.00",Crawfor,1934
2215,"$188,000.00",Crawfor,1930
2216,"$220,000.00",Crawfor,1932
2217,"$140,000.00",Crawfor,1941
2218,"$315,000.00",Crawfor,1932
2219,"$259,500.00",Crawfor,1945
2220,"$257,500.00",Crawfor,1957
2221,"$219,500.00",Crawfor,1940
2222,"$217,000.00",Crawfor,1953
2223,"$201,000.00",Crawfor,1960
2224,"$215,000.00",Crawfor,1968
2225,"$123,900.00",Blueste,1980
2226,"$170,000.00",Crawfor,1995
2227,"$200,000.00",Blueste,1988
2228,"$198,000.00",Crawfor,1971
2229,"$200,624.00",Crawfor,1957
2230,"$315,000.00",Crawfor,1986
2231,"$115,000.00",IDOTRR,1919
2232,"$141,000.00",IDOTRR,1940
2233,"$87,000.00",IDOTRR,1941
2234,"$129,850.00",IDOTRR,1925
2235,"$100,000.00",IDOTRR,1939
2236,"$150,909.00",IDOTRR,1923
2237,"$75,200.00",IDOTRR,1922
2238,"$118,400.00",IDOTRR,1920
2239,"$67,000.00",IDOTRR,1920
2240,"$152,000.00",IDOTRR,1950
2241,"$68,104.00",IDOTRR,1939
2242,"$119,600.00",IDOTRR,1895
2243,"$140,000.00",IDOTRR,1957
2244,"$124,900.00",IDOTRR,1930
2245,"$375,000.00",Crawfor,2006
2246,"$235,000.00",Crawfor,2006
2247,"$183,500.00",Mitchel,1979
2248,"$156,000.00",Mitchel,1978
2249,"$134,000.00",Mitchel,1983
2250,"$215,000.00",Mitchel,2002
2251,"$245,000.00",Mitchel,2002
2252,"$210,000.00",Mitchel,1991
2253,"$148,000.00",Mitchel,1975
2254,"$143,000.00",Mitchel,1974
2255,"$244,000.00",Timber,1987
2256,"$330,000.00",GrnHill,1998
2257,"$170,000.00",Timber,1959
2258,"$257,000.00",Timber,1958
2259,"$231,713.00",Timber,2006
2260,"$267,300.00",Timber,2006
2261,"$265,900.00",Timber,2006
2262,"$239,000.00",Timber,2007
2263,"$248,900.00",Timber,2006
2264,"$174,000.00",Timber,1985
2265,"$187,500.00",Timber,1990
2266,"$204,000.00",Timber,1996
2267,"$180,500.00",Timber,2001
2268,"$187,500.00",Timber,2003
2269,"$282,000.00",Timber,2002
2270,"$178,000.00",Timber,1996
2271,"$270,000.00",Timber,2002
2272,"$279,900.00",Timber,2003
2273,"$186,700.00",Timber,1963
2274,"$283,463.00",Timber,2006
2275,"$392,000.00",Timber,2006
2276,"$281,213.00",Timber,2005
2277,"$147,000.00",Mitchel,2007
2278,"$130,000.00",Mitchel,1953
2279,"$140,000.00",Mitchel,1996
2280,"$132,250.00",Mitchel,1963
2281,"$143,000.00",Mitchel,1967
2282,"$168,000.00",Mitchel,1961
2283,"$129,900.00",MeadowV,1976
2284,"$134,000.00",MeadowV,1976
2285,"$85,500.00",MeadowV,1972
2286,"$106,500.00",MeadowV,1970
2287,"$93,900.00",MeadowV,1970
2288,"$75,000.00",MeadowV,1970
2289,"$84,500.00",MeadowV,1970
2290,"$75,190.00",MeadowV,1976
2291,"$146,800.00",Mitchel,1976
2292,"$153,500.00",Mitchel,1977
2293,"$188,000.00",Mitchel,1977
2294,"$196,000.00",Mitchel,1977
2295,"$157,000.00",Mitchel,1977
2296,"$138,000.00",Mitchel,1971
2297,"$129,500.00",Mitchel,1970
2298,"$80,000.00",Mitchel,1961
2299,"$129,500.00",Mitchel,1982
2300,"$135,000.00",Mitchel,1976
2301,"$124,500.00",Mitchel,1982
2302,"$139,000.00",Mitchel,1983
2303,"$93,500.00",Mitchel,1991
2304,"$124,500.00",Mitchel,1984
2305,"$149,900.00",NAmes,1954
2306,"$157,500.00",NAmes,1956
2307,"$169,000.00",NAmes,1957
2308,"$252,000.00",NAmes,1957
2309,"$192,100.00",NAmes,1969
2310,"$183,500.00",Gilbert,1997
2311,"$222,000.00",Gilbert,1997
2312,"$170,000.00",Gilbert,1995
2313,"$187,500.00",Gilbert,1995
2314,"$202,000.00",Gilbert,1996
2315,"$185,000.00",Gilbert,1997
2316,"$320,000.00",Gilbert,2005
2317,"$240,000.00",Gilbert,2006
2318,"$250,000.00",Gilbert,2005
2319,"$239,900.00",Gilbert,2005
2320,"$309,000.00",Gilbert,2005
2321,"$274,725.00",Gilbert,2006
2322,"$270,000.00",StoneBr,1994
2323,"$183,500.00",Gilbert,1993
2324,"$165,600.00",Gilbert,1993
2325,"$176,500.00",Gilbert,1998
2326,"$130,000.00",StoneBr,1987
2327,"$239,000.00",StoneBr,1987
2328,"$275,000.00",StoneBr,1985
2329,"$457,347.00",StoneBr,2005
2330,"$545,224.00",StoneBr,2006
2331,"$356,383.00",StoneBr,2006
2332,"$556,581.00",StoneBr,2005
2333,"$361,919.00",StoneBr,2006
2334,"$535,000.00",StoneBr,2006
2335,"$401,179.00",StoneBr,2005
2336,"$438,780.00",StoneBr,2006
2337,"$169,000.00",Gilbert,1948
2338,"$145,000.00",Gilbert,1955
2339,"$318,000.00",StoneBr,2005
2340,"$319,000.00",StoneBr,2005
2341,"$470,000.00",StoneBr,2005
2342,"$202,500.00",NWAmes,1984
2343,"$229,000.00",NWAmes,1988
2344,"$235,000.00",NWAmes,1977
2345,"$190,000.00",NWAmes,1976
2346,"$169,000.00",NWAmes,1980
2347,"$241,500.00",NWAmes,1988
2348,"$188,900.00",NWAmes,1978
2349,"$207,500.00",NWAmes,1980
2350,"$250,000.00",NWAmes,1978
2351,"$179,900.00",NWAmes,1975
2352,"$172,000.00",NWAmes,1976
2353,"$294,323.00",Somerst,2005
2354,"$184,500.00",NWAmes,1975
2355,"$153,500.00",NWAmes,1975
2356,"$162,900.00",NWAmes,1976
2357,"$181,000.00",NWAmes,1974
2358,"$155,000.00",NWAmes,1974
2359,"$138,800.00",NAmes,1969
2360,"$116,050.00",NAmes,1970
2361,"$88,000.00",NAmes,1971
2362,"$97,500.00",NAmes,1971
2363,"$190,000.00",NAmes,2002
2364,"$105,500.00",BrDale,1973
2365,"$125,500.00",BrDale,1973
2366,"$83,000.00",BrDale,1973
2367,"$116,000.00",BrDale,1972
2368,"$91,500.00",BrDale,1971
2369,"$118,000.00",BrDale,1972
2370,"$89,000.00",BrDale,1972
2371,"$108,000.00",BrDale,1972
2372,"$94,500.00",BrDale,1972
2373,"$146,300.00",NPkVill,1975
2374,"$145,000.00",NAmes,1967
2375,"$123,000.00",NAmes,1967
2376,"$137,500.00",NPkVill,1976
2377,"$144,000.00",NPkVill,1976
2378,"$315,000.00",NridgHt,2004
2379,"$412,083.00",NridgHt,2006
2380,"$342,643.00",NridgHt,2006
2381,"$252,000.00",NridgHt,2004
2382,"$465,000.00",NridgHt,2006
2383,"$293,000.00",NridgHt,2006
2384,"$415,000.00",NridgHt,2005
2385,"$326,000.00",NridgHt,2004
2386,"$325,300.00",NridgHt,2005
2387,"$309,000.00",NridgHt,2004
2388,"$300,000.00",NridgHt,2005
2389,"$275,500.00",NridgHt,2005
2390,"$338,500.00",NridgHt,2005
2391,"$345,000.00",NridgHt,2005
2392,"$344,133.00",NridgHt,2005
2393,"$298,236.00",NridgHt,2006
2394,"$329,900.00",NridgHt,2005
2395,"$360,000.00",NridgHt,2003
2396,"$281,000.00",NridgHt,2006
2397,"$372,397.00",NridgHt,2005
2398,"$378,000.00",NridgHt,2004
2399,"$374,000.00",NridgHt,2003
2400,"$437,154.00",NridgHt,2005
2401,"$275,000.00",NridgHt,2005
2402,"$279,000.00",NridgHt,2004
2403,"$185,850.00",NridgHt,2005
2404,"$282,500.00",NridgHt,2005
2405,"$202,500.00",NridgHt,2005
2406,"$202,665.00",NridgHt,2005
2407,"$332,200.00",NridgHt,2006
2408,"$310,090.00",NridgHt,2006
2409,"$171,750.00",NridgHt,2003
2410,"$169,990.00",Gilbert,2005
2411,"$170,440.00",Gilbert,2005
2412,"$169,985.00",Gilbert,2006
2413,"$179,665.00",Gilbert,2006
2414,"$219,210.00",Gilbert,2006
2415,"$174,190.00",Gilbert,2006
2416,"$172,785.00",Gilbert,2006
2417,"$258,000.00",Gilbert,2004
2418,"$185,101.00",Gilbert,2006
2419,"$210,250.00",Blmngtn,2006
2420,"$234,000.00",Blmngtn,2003
2421,"$215,000.00",Blmngtn,2003
2422,"$246,990.00",Blmngtn,2002
2423,"$178,740.00",Blmngtn,2004
2424,"$225,000.00",Blmngtn,2004
2425,"$167,240.00",Blmngtn,2005
2426,"$156,820.00",Blmngtn,2005
2427,"$213,490.00",Blmngtn,2005
2428,"$264,561.00",Blmngtn,2006
2429,"$246,578.00",Blmngtn,2006
2430,"$192,140.00",Gilbert,2005
2431,"$183,200.00",Gilbert,2002
2432,"$178,000.00",Gilbert,2004
2433,"$201,490.00",Gilbert,2004
2434,"$230,500.00",Gilbert,2000
2435,"$180,000.00",Gilbert,2003
2436,"$172,400.00",Gilbert,2000
2437,"$215,000.00",Gilbert,2000
2438,"$199,900.00",Gilbert,1998
2439,"$173,000.00",Gilbert,2000
2440,"$287,602.00",Gilbert,2006
2441,"$230,000.00",Gilbert,1999
2442,"$348,000.00",NoRidge,1997
2443,"$286,000.00",NoRidge,1998
2444,"$300,000.00",NoRidge,2000
2445,"$625,000.00",NoRidge,1995
2446,"$405,000.00",NoRidge,2000
2447,"$280,000.00",NoRidge,1998
2448,"$258,000.00",NoRidge,1998
2449,"$350,000.00",NoRidge,1995
2450,"$584,500.00",NoRidge,1993
2451,"$321,000.00",NoRidge,1994
2452,"$290,000.00",NoRidge,1994
2453,"$315,000.00",NoRidge,1993
2454,"$252,000.00",Somerst,2005
2455,"$336,820.00",Somerst,2006
2456,"$423,000.00",Somerst,2005
2457,"$290,000.00",Somerst,2006
2458,"$232,000.00",Somerst,2005
2459,"$199,000.00",Somerst,2006
2460,"$198,600.00",Somerst,2006
2461,"$405,749.00",Somerst,2006
2462,"$232,600.00",Somerst,2006
2463,"$266,000.00",Somerst,2006
2464,"$186,500.00",Somerst,2005
2465,"$200,825.00",Somerst,2005
2466,"$197,000.00",Somerst,2006
2467,"$185,000.00",Somerst,2006
2468,"$176,000.00",Somerst,2005
2469,"$187,750.00",Somerst,2006
2470,"$139,500.00",SawyerW,2005
2471,"$186,800.00",SawyerW,2005
2472,"$132,000.00",SawyerW,2005
2473,"$142,500.00",SawyerW,2005
2474,"$158,000.00",SawyerW,2004
2475,"$184,000.00",SawyerW,2005
2476,"$184,900.00",SawyerW,2005
2477,"$187,000.00",SawyerW,1997
2478,"$175,900.00",SawyerW,1992
2479,"$248,500.00",SawyerW,1992
2480,"$172,000.00",SawyerW,1990
2481,"$151,000.00",SawyerW,1991
2482,"$150,000.00",SawyerW,1994
2483,"$107,000.00",SawyerW,1966
2484,"$119,900.00",SawyerW,1965
2485,"$129,500.00",Sawyer,1962
2486,"$125,000.00",Sawyer,1963
2487,"$119,500.00",Sawyer,1977
2488,"$144,000.00",Sawyer,1962
2489,"$151,000.00",Sawyer,1977
2490,"$126,000.00",Sawyer,1965
2491,"$116,000.00",Sawyer,1968
2492,"$133,500.00",Sawyer,1963
2493,"$120,875.00",Sawyer,1965
2494,"$137,000.00",Sawyer,1965
2495,"$124,000.00",Sawyer,1964
2496,"$135,000.00",Sawyer,1961
2497,"$129,200.00",Sawyer,1967
2498,"$260,000.00",Veenker,1974
2499,"$260,000.00",NoRidge,1991
2500,"$334,000.00",NoRidge,1992
2501,"$310,000.00",NoRidge,1993
2502,"$268,000.00",NoRidge,1992
2503,"$262,000.00",NoRidge,1994
2504,"$176,400.00",Somerst,2004
2505,"$197,000.00",Somerst,2005
2506,"$151,000.00",Somerst,2005
2507,"$147,400.00",Somerst,2005
2508,"$149,900.00",Somerst,2005
2509,"$144,152.00",Somerst,2005
2510,"$166,000.00",Somerst,2000
2511,"$183,900.00",Somerst,1999
2512,"$165,000.00",Somerst,2000
2513,"$139,000.00",Somerst,2003
2514,"$200,000.00",Somerst,1997
2515,"$221,000.00",Somerst,2001
2516,"$270,000.00",Veenker,1995
2517,"$165,000.00",Veenker,1977
2518,"$214,000.00",Greens,1980
2519,"$188,000.00",Greens,1980
2520,"$190,000.00",Greens,1980
2521,"$170,000.00",Greens,1978
2522,"$385,000.00",Veenker,1981
2523,"$146,500.00",NWAmes,1972
2524,"$170,000.00",NWAmes,1968
2525,"$262,500.00",NWAmes,1968
2526,"$179,900.00",NWAmes,1968
2527,"$250,000.00",NWAmes,1968
2528,"$165,150.00",NWAmes,1972
2529,"$164,500.00",NWAmes,1967
2530,"$140,000.00",NWAmes,1969
2531,"$135,500.00",NAmes,1967
2532,"$142,000.00",NAmes,1968
2533,"$155,000.00",NAmes,1968
2534,"$157,500.00",NAmes,1968
2535,"$138,500.00",NAmes,1968
2536,"$140,000.00",NAmes,1968
2537,"$124,400.00",NAmes,1966
2538,"$158,000.00",NAmes,1967
2539,"$146,000.00",NAmes,1965
2540,"$190,000.00",NWAmes,1971
2541,"$136,500.00",NAmes,1961
2542,"$129,900.00",NAmes,1958
2543,"$145,000.00",NAmes,1959
2544,"$185,900.00",NAmes,1965
2545,"$160,000.00",NAmes,1964
2546,"$167,000.00",NAmes,1964
2547,"$157,500.00",NAmes,1964
2548,"$140,000.00",NAmes,1958
2549,"$150,000.00",NAmes,1958
2550,"$151,500.00",NAmes,1960
2551,"$129,800.00",NAmes,1934
2552,"$137,000.00",NAmes,1954
2553,"$137,000.00",NAmes,1947
2554,"$121,600.00",BrkSide,1946
2555,"$85,500.00",BrkSide,1923
2556,"$79,900.00",BrkSide,1926
2557,"$127,000.00",BrkSide,1908
2558,"$161,000.00",NAmes,1961
2559,"$146,500.00",NAmes,1952
2560,"$135,000.00",NAmes,1951
2561,"$137,900.00",NAmes,1951
2562,"$133,000.00",NAmes,1941
2563,"$137,000.00",NAmes,1949
2564,"$121,000.00",NAmes,1954
2565,"$119,000.00",NAmes,1967
2566,"$172,000.00",NAmes,1964
2567,"$98,600.00",NAmes,1961
2568,"$226,000.00",NAmes,1966
2569,"$118,000.00",NAmes,1954
2570,"$235,000.00",NAmes,1918
2571,"$135,000.00",NAmes,1963
2572,"$132,500.00",NAmes,1962
2573,"$143,000.00",NAmes,1959
2574,"$132,000.00",NAmes,1957
2575,"$145,250.00",NAmes,1960
2576,"$162,000.00",NAmes,1958
2577,"$148,000.00",NAmes,1956
2578,"$141,000.00",NAmes,1957
2579,"$153,000.00",NAmes,1956
2580,"$134,450.00",NAmes,1957
2581,"$135,960.00",NAmes,1979
2582,"$156,000.00",NAmes,1954
2583,"$140,000.00",NAmes,1954
2584,"$139,500.00",NAmes,1952
2585,"$155,000.00",NAmes,1951
2586,"$127,000.00",NAmes,1956
2587,"$133,500.00",NAmes,1956
2588,"$125,000.00",NAmes,1955
2589,"$142,000.00",NAmes,1951
2590,"$167,000.00",NAmes,1941
2591,"$159,000.00",NAmes,1956
2592,"$180,000.00",OldTown,1925
2593,"$127,000.00",NAmes,1947
2594,"$112,000.00",OldTown,1924
2595,"$99,800.00",OldTown,1930
2596,"$117,000.00",OldTown,1954
2597,"$108,480.00",OldTown,1921
2598,"$68,000.00",NAmes,1929
2599,"$86,900.00",OldTown,1900
2600,"$120,000.00",OldTown,1920
2601,"$155,500.00",OldTown,1915
2602,"$80,000.00",OldTown,1910
2603,"$105,000.00",OldTown,1915
2604,"$160,000.00",OldTown,1900
2605,"$170,000.00",OldTown,1936
2606,"$160,000.00",NAmes,1965
2607,"$159,950.00",NAmes,1966
2608,"$165,000.00",NAmes,1963
2609,"$159,000.00",NAmes,1962
2610,"$147,000.00",NAmes,1962
2611,"$115,000.00",NAmes,1964
2612,"$159,500.00",NAmes,1959
2613,"$120,000.00",NAmes,1959
2614,"$129,900.00",NAmes,1957
2615,"$183,000.00",NAmes,1961
2616,"$157,500.00",NAmes,1959
2617,"$277,500.00",NAmes,1962
2618,"$207,500.00",NAmes,1957
2619,"$147,500.00",NAmes,1950
2620,"$135,000.00",NAmes,1949
2621,"$109,500.00",NAmes,1950
2622,"$109,900.00",NAmes,1950
2623,"$133,700.00",NAmes,1959
2624,"$81,400.00",NAmes,1950
2625,"$87,500.00",NAmes,1949
2626,"$93,500.00",NAmes,1950
2627,"$119,000.00",NAmes,1960
2628,"$141,000.00",NAmes,1959
2629,"$146,000.00",NAmes,1961
2630,"$155,000.00",NAmes,1966
2631,"$134,500.00",NAmes,1962
2632,"$120,000.00",NAmes,1962
2633,"$105,000.00",NAmes,1962
2634,"$124,000.00",NAmes,1962
2635,"$169,000.00",OldTown,1900
2636,"$107,000.00",OldTown,1925
2637,"$135,000.00",OldTown,1948
2638,"$111,500.00",OldTown,1920
2639,"$156,500.00",OldTown,1900
2640,"$178,000.00",OldTown,1925
2641,"$139,900.00",OldTown,1900
2642,"$105,000.00",OldTown,1930
2643,"$110,000.00",OldTown,1930
2644,"$111,500.00",OldTown,1900
2645,"$108,000.00",OldTown,1924
2646,"$111,500.00",OldTown,1925
2647,"$124,000.00",OldTown,1880
2648,"$105,000.00",OldTown,1950
2649,"$116,000.00",OldTown,1920
2650,"$96,900.00",OldTown,1905
2651,"$135,500.00",OldTown,1955
2652,"$139,000.00",OldTown,1924
2653,"$61,500.00",OldTown,1921
2654,"$120,000.00",OldTown,1945
2655,"$126,175.00",OldTown,1955
2656,"$64,000.00",OldTown,1920
2657,"$137,000.00",OldTown,1910
2658,"$87,000.00",OldTown,1900
2659,"$163,000.00",OldTown,1914
2660,"$155,000.00",OldTown,1910
2661,"$79,000.00",OldTown,1900
2662,"$144,000.00",OldTown,1916
2663,"$114,504.00",OldTown,1910
2664,"$157,000.00",OldTown,1920
2665,"$125,000.00",OldTown,1923
2666,"$475,000.00",OldTown,1892
2667,"$93,500.00",OldTown,1920
2668,"$125,000.00",OldTown,1958
2669,"$64,500.00",IDOTRR,1918
2670,"$100,000.00",BrkSide,1941
2671,"$140,200.00",BrkSide,1939
2672,"$202,500.00",BrkSide,1924
2673,"$159,000.00",BrkSide,1947
2674,"$119,900.00",OldTown,1939
2675,"$114,500.00",BrkSide,1934
2676,"$115,000.00",BrkSide,1936
2677,"$75,000.00",BrkSide,1930
2678,"$88,000.00",BrkSide,1925
2679,"$80,500.00",BrkSide,1947
2680,"$149,000.00",BrkSide,1928
2681,"$110,000.00",BrkSide,1930
2682,"$110,500.00",OldTown,1925
2683,"$89,000.00",BrkSide,1921
2684,"$113,000.00",BrkSide,1922
2685,"$109,000.00",BrkSide,1925
2686,"$220,000.00",OldTown,1962
2687,"$129,000.00",BrkSide,1970
2688,"$117,000.00",OldTown,1910
2689,"$52,500.00",OldTown,1941
2690,"$107,000.00",IDOTRR,1924
2691,"$116,500.00",IDOTRR,1910
2692,"$72,000.00",IDOTRR,1919
2693,"$119,500.00",IDOTRR,1937
2694,"$125,500.00",IDOTRR,1938
2695,"$91,000.00",IDOTRR,1922
2696,"$84,500.00",IDOTRR,1935
2697,"$90,000.00",IDOTRR,1930
2698,"$137,500.00",Sawyer,1951
2699,"$150,000.00",Sawyer,1964
2700,"$131,000.00",Sawyer,1950
2701,"$130,000.00",ClearCr,1958
2702,"$125,000.00",Edwards,1935
2703,"$80,000.00",SWISU,1936
2704,"$157,000.00",SWISU,2004
2705,"$148,000.00",Sawyer,1963
2706,"$90,000.00",Sawyer,1967
2707,"$154,500.00",Sawyer,1963
2708,"$153,600.00",Sawyer,1967
2709,"$164,500.00",Sawyer,1966
2710,"$132,000.00",Sawyer,1964
2711,"$142,500.00",Sawyer,1966
2712,"$158,000.00",Sawyer,1968
2713,"$149,500.00",Sawyer,1978
2714,"$165,000.00",Sawyer,1967
2715,"$180,000.00",Sawyer,1968
2716,"$160,500.00",Sawyer,1978
2717,"$156,500.00",Sawyer,1977
2718,"$157,000.00",Sawyer,1977
2719,"$172,500.00",Sawyer,1958
2720,"$155,000.00",Sawyer,1957
2721,"$170,000.00",Sawyer,1955
2722,"$105,000.00",Sawyer,1924
2723,"$145,000.00",Sawyer,1965
2724,"$168,000.00",Sawyer,1956
2725,"$278,000.00",ClearCr,1967
2726,"$164,000.00",ClearCr,1963
2727,"$225,000.00",ClearCr,1953
2728,"$130,000.00",Sawyer,1971
2729,"$142,500.00",Sawyer,1974
2730,"$148,400.00",ClearCr,1980
2731,"$190,000.00",ClearCr,1986
2732,"$146,000.00",Edwards,1954
2733,"$128,000.00",Edwards,1942
2734,"$225,000.00",Edwards,1948
2735,"$274,970.00",Edwards,1966
2736,"$235,000.00",Edwards,1928
2737,"$415,000.00",Edwards,1935
2738,"$182,000.00",Edwards,1962
2739,"$135,000.00",Edwards,1952
2740,"$137,000.00",Edwards,1955
2741,"$136,900.00",Edwards,1954
2742,"$149,900.00",Edwards,1953
2743,"$123,500.00",Edwards,1952
2744,"$93,000.00",Edwards,1954
2745,"$91,500.00",Edwards,1948
2746,"$180,000.00",SawyerW,1985
2747,"$209,000.00",SawyerW,1989
2748,"$215,000.00",SawyerW,1993
2749,"$224,500.00",SawyerW,1993
2750,"$229,800.00",CollgCr,2005
2751,"$183,600.00",CollgCr,2005
2752,"$194,000.00",CollgCr,2006
2753,"$193,879.00",CollgCr,2006
2754,"$221,500.00",CollgCr,2005
2755,"$204,900.00",CollgCr,2006
2756,"$239,799.00",CollgCr,2006
2757,"$233,555.00",CollgCr,2006
2758,"$260,000.00",CollgCr,2005
2759,"$294,900.00",CollgCr,2005
2760,"$209,700.00",CollgCr,2005
2761,"$225,000.00",CollgCr,2005
2762,"$181,000.00",CollgCr,2005
2763,"$220,000.00",SawyerW,1992
2764,"$190,000.00",ClearCr,1964
2765,"$180,000.00",ClearCr,1969
2766,"$280,000.00",ClearCr,1975
2767,"$158,900.00",ClearCr,1968
2768,"$148,000.00",CollgCr,1996
2769,"$145,000.00",CollgCr,1996
2770,"$187,000.00",CollgCr,1995
2771,"$193,000.00",CollgCr,1998
2772,"$156,000.00",CollgCr,1995
2773,"$235,000.00",CollgCr,2000
2774,"$217,000.00",CollgCr,1997
2775,"$214,000.00",CollgCr,1999
2776,"$196,000.00",CollgCr,1999
2777,"$217,000.00",CollgCr,1999
2778,"$200,000.00",CollgCr,2002
2779,"$192,500.00",CollgCr,2002
2780,"$205,000.00",CollgCr,2001
2781,"$132,500.00",CollgCr,1976
2782,"$157,500.00",CollgCr,1977
2783,"$174,000.00",CollgCr,1978
2784,"$128,500.00",CollgCr,1969
2785,"$128,500.00",CollgCr,1972
2786,"$149,900.00",CollgCr,1972
2787,"$119,900.00",CollgCr,1972
2788,"$137,000.00",Landmrk,1993
2789,"$255,000.00",CollgCr,2002
2790,"$222,000.00",CollgCr,2002
2791,"$214,000.00",CollgCr,1999
2792,"$220,000.00",CollgCr,2002
2793,"$275,000.00",CollgCr,2001
2794,"$197,000.00",CollgCr,2002
2795,"$230,000.00",CollgCr,2002
2796,"$268,500.00",CollgCr,1999
2797,"$210,900.00",CollgCr,1996
2798,"$227,000.00",CollgCr,1998
2799,"$237,000.00",CollgCr,1995
2800,"$274,300.00",CollgCr,1998
2801,"$216,837.00",CollgCr,2004
2802,"$133,000.00",CollgCr,2003
2803,"$155,900.00",CollgCr,2004
2804,"$233,230.00",CollgCr,2006
2805,"$207,000.00",CollgCr,2003
2806,"$195,000.00",CollgCr,2004
2807,"$200,000.00",CollgCr,2003
2808,"$203,160.00",CollgCr,2006
2809,"$195,800.00",CollgCr,2005
2810,"$212,900.00",CollgCr,2005
2811,"$196,500.00",CollgCr,2004
2812,"$198,000.00",CollgCr,2005
2813,"$173,900.00",CollgCr,2005
2814,"$163,990.00",CollgCr,2005
2815,"$164,990.00",CollgCr,2005
2816,"$98,000.00",Edwards,1910
2817,"$149,900.00",Edwards,1959
2818,"$102,000.00",Edwards,1951
2819,"$127,500.00",Edwards,1975
2820,"$127,500.00",Edwards,1975
2821,"$119,900.00",Edwards,1969
2822,"$196,500.00",Edwards,2003
2823,"$117,250.00",Edwards,2002
2824,"$229,000.00",Edwards,2003
2825,"$145,000.00",Edwards,2005
2826,"$140,000.00",Edwards,2005
2827,"$142,500.00",Edwards,2005
2828,"$134,000.00",Edwards,2004
2829,"$130,000.00",Edwards,2004
2830,"$130,000.00",Edwards,2004
2831,"$137,500.00",Edwards,2004
2832,"$130,000.00",Edwards,2004
2833,"$97,900.00",Edwards,1948
2834,"$92,000.00",Edwards,1915
2835,"$107,000.00",Edwards,1924
2836,"$81,000.00",Edwards,1910
2837,"$104,900.00",Edwards,1924
2838,"$115,000.00",Edwards,1955
2839,"$125,000.00",Edwards,1954
2840,"$116,000.00",Edwards,1918
2841,"$83,000.00",Edwards,1922
2842,"$118,500.00",SWISU,1912
2843,"$35,000.00",Edwards,1922
2844,"$121,000.00",Edwards,1910
2845,"$160,000.00",SWISU,1916
2846,"$140,000.00",SWISU,1940
2847,"$137,000.00",SWISU,1938
2848,"$128,000.00",SWISU,1945
2849,"$160,000.00",SWISU,1926
2850,"$138,887.00",Crawfor,1914
2851,"$149,000.00",SWISU,1920
2852,"$102,000.00",SWISU,1926
2853,"$167,000.00",Crawfor,1919
2854,"$200,100.00",Crawfor,1920
2855,"$131,000.00",SWISU,1939
2856,"$112,000.00",SWISU,1941
2857,"$140,000.00",Crawfor,1915
2858,"$195,000.00",Crawfor,1920
2859,"$230,000.00",Crawfor,1929
2860,"$194,000.00",Crawfor,1940
2861,"$137,500.00",Crawfor,1922
2862,"$250,000.00",Crawfor,1936
2863,"$218,000.00",Crawfor,1929
2864,"$239,000.00",Crawfor,1932
2865,"$199,500.00",Crawfor,1932
2866,"$210,000.00",Crawfor,1930
2867,"$230,000.00",Crawfor,1956
2868,"$217,500.00",Crawfor,1977
2869,"$257,000.00",Crawfor,1950
2870,"$157,000.00",Crawfor,1953
2871,"$223,000.00",Crawfor,1969
2872,"$102,000.00",IDOTRR,1942
2873,"$145,400.00",IDOTRR,1926
2874,"$72,000.00",IDOTRR,1925
2875,"$85,000.00",IDOTRR,1925
2876,"$106,500.00",IDOTRR,1936
2877,"$139,000.00",IDOTRR,1957
2878,"$108,000.00",IDOTRR,1920
2879,"$51,689.00",IDOTRR,1945
2880,"$35,311.00",IDOTRR,1949
2881,"$115,000.00",IDOTRR,1951
2882,"$78,000.00",IDOTRR,1916
2883,"$375,000.00",Crawfor,2005
2884,"$300,000.00",Crawfor,2004
2885,"$242,500.00",Mitchel,1979
2886,"$145,000.00",Mitchel,1978
2887,"$209,000.00",Mitchel,2001
2888,"$135,000.00",Mitchel,1977
2889,"$148,000.00",Mitchel,1975
2890,"$171,000.00",Mitchel,1988
2891,"$335,000.00",Timber,1989
2892,"$230,000.00",GrnHill,1986
2893,"$250,764.00",Timber,1958
2894,"$228,000.00",Timber,1981
2895,"$176,000.00",Timber,1987
2896,"$180,000.00",Timber,1990
2897,"$250,000.00",Timber,1990
2898,"$202,000.00",Timber,2000
2899,"$312,500.00",Timber,2002
2900,"$320,000.00",Timber,2005
2901,"$369,900.00",Timber,2005
2902,"$359,900.00",Timber,2005
2903,"$81,500.00",Mitchel,1951
2904,"$215,000.00",Mitchel,1997
2905,"$164,000.00",Mitchel,1998
2906,"$153,500.00",Mitchel,1998
2907,"$84,500.00",Mitchel,2006
2908,"$104,500.00",MeadowV,1977
2909,"$127,000.00",MeadowV,1977
2910,"$151,400.00",MeadowV,1973
2911,"$126,500.00",Mitchel,1968
2912,"$146,500.00",Mitchel,1970
2913,"$73,000.00",MeadowV,1970
2914,"$79,400.00",MeadowV,1972
2915,"$140,000.00",Mitchel,1969
2916,"$92,000.00",MeadowV,1970
2917,"$87,550.00",MeadowV,1970
2918,"$79,500.00",MeadowV,1970
2919,"$90,500.00",MeadowV,1970
2920,"$71,000.00",MeadowV,1970
2921,"$150,900.00",Mitchel,1976
2922,"$188,000.00",Mitchel,1976
2923,"$160,000.00",Mitchel,1977
2924,"$131,000.00",Mitchel,1960
2925,"$142,500.00",Mitchel,1984
2926,"$131,000.00",Mitchel,1983
2927,"$132,000.00",Mitchel,1992
2928,"$170,000.00",Mitchel,1974
2929,"$188,000.00",Mitchel,1993
